Name,breakfast,lunch,dinner,veg\nonveg,calories,fats,saturatedfats,sodium,carbohydrates,fiber,sugar,protein
Tomato Poha,1,0,0,0,237.8,13.2,1.8,1259.3,27.6,5.1,7,5.5
Kaandha Poha (Maharashtrian Potato-Onion Beaten Rice),1,0,0,0,258.2,7.7,1,17.5,47.2,8.6,6.1,6.4
Bread Poha,1,0,0,0,273.7,17.4,2.4,1407.3,23.6,3,3.6,8.2
 Veggie Pilaf,1,0,0,0,129.2,9.6,1.6,11.4,9.9,1.4,1.9,2
Vegetable Poha,1,0,0,0,130.5,4.9,0.7,1202.1,18.9,3.8,5.3,5.2
Biryani,0,1,1,0,1110.7,58.8,16.6,368.4,84.4,9,20.4,63.4
hyderabadi Chicken Biryani,0,1,1,1,763.3,32.6,7.5,437.1,72.2,6.8,9.8,45.9
Vegetable Biryani,0,1,1,0,336.7,8.9,1.3,309.3,58.6,6.3,9.3,7.6
Chicken Biryani ,0,1,1,1,338.7,28.3,5.5,265.4,9.2,1.1,4.3,12.6
Kuska Biryani ,0,1,1,0,656.8,21.9,3,37.3,106.3,7.2,16.4,12.7
soyabean Biryani ,0,1,1,0,167.4,4.3,2.2,97.9,0.4,0,0.1,27.3
Mughlai Biryani ,0,1,1,1,1468.7,82.4,33.2,316.7,126.9,8.5,24.2,59.1
Chicken Tikka Biryani Recipe,0,1,1,1,3475.3,227.3,43.6,2803,234.9,11.1,21.7,119.5
My Biryani,0,1,1,1,242.9,7.5,4.2,357.9,37.9,3,3,6.7
Low-Fat Berry Blue Frozen Dessert,0,0,1,0,170.9,2.5,1.3,29.8,37.1,3.6,30.2,3.2
Biryani Masala,0,1,1,1,339.2,10,1.5,11564,70.7,24,30.6,10.7
Chicken Biryani by Chef Montaser,0,1,1,1,749.2,16.1,5.7,635.7,86.2,4.2,18.2,62.6
Fish Biryani - Seabream,0,1,1,1,544,14.2,4.1,1537.7,91,3.1,5.9,11.9
Chicken Biryani,0,1,1,1,252.3,8.6,1.6,2823.4,36.7,1.9,2.6,6.8
Crispy Chicken Biryani,0,1,1,1,0,0,0,0,0,0,0,0
Hyderabadi Chicken Biryani,0,1,1,1,38.6,1.1,0.2,40.9,7.5,2.2,2.7,1.5
Basic Biryani,0,1,1,1,312.7,7.2,3.2,929.7,53.2,3.5,2.1,8.9
Chicken Barley Biryani,0,1,1,1,403.8,16.7,4.6,266.1,38.9,8.5,2.6,24.9
Gobi ka Paratha,1,0,0,0,292.6,4.4,0.9,570.8,56.9,15.2,11.1,15.7
Cabbage Parathas,1,0,0,0,24.7,0.1,0,402.3,5.8,2,3.5,1.4
Basic paratha dough,1,0,0,0,1030.2,16.1,2.1,5,190.8,6.8,0.7,25.8
Masaledaar Aloo Parathas,1,0,0,0,1142.2,22.6,12.6,68.4,217.2,31.9,13.7,32.6
Spinach Parathas,1,0,0,0,9.9,0.1,0,7.2,2,0.3,0.1,0.4
Besan Parathas,1,0,0,0,28.3,0.6,0.1,10.2,4.3,0.9,0.8,1.6
Cauliflower Parathas,1,0,0,0,26,0.2,0,8.1,5.8,1.1,2.3,1.2
Tomato Onion Parathas,1,0,0,0,13.7,0.1,0,5.4,3.1,0.6,1.4,0.4
Paneer Parathas,1,0,0,0,57.2,4.3,2.6,2.8,4.7,0.7,2.3,0.8
Bikaneri Paratha,1,0,0,0,53.6,4.3,0.6,1.2,3,0.9,0.5,1
Methi Paratha,1,0,0,0,829.2,14.1,4.5,1271.9,155.2,25.7,8.1,33.4
Jalebi Paratha,1,0,0,0,940.4,53.6,8.1,33.5,98.9,3.9,0.3,15.1
Aloo Paratha (Indian Potato-Stuffed Flatbreads),1,0,0,0,359.8,7.9,1.1,398.2,64.5,6.9,1.1,9.6
Onion Paratha,1,0,0,0,439.4,9,4.7,599.1,81,13.5,2.9,15.5
Laccha Paratha,1,0,0,0,315.8,9.4,4,617.7,49.4,1.7,1.5,7.5
Egg Parathas,1,0,0,1,252.8,8.8,1.8,39.7,36.6,6.1,0.8,9.7
Cabbage Paratha,1,0,0,0,360.3,7.7,1.8,27.8,66.5,12.8,5.5,13.1
Bangladeshi Egg With Paratha,1,0,0,1,543.9,30.2,8.8,258.7,50.2,1.9,1,16.9
Mooli Paratha / Punjabi Mooli Ka Paratha / Radish Paratha,1,0,0,0,455.1,20.3,2.7,2359.1,62.7,10.2,3,11.6
Spinach Paratha,1,0,0,0,19.2,0.2,0,4702.4,3.7,1.6,1.2,1.5
Akoori - Indian Scrambled Eggs,1,1,1,1,246.8,16.9,4.2,144.5,10.1,1.6,5.2,13.7
East Indian Chicken,0,1,1,1,558,4.8,1.1,399.4,96.5,5.2,12.4,30.8
Indian Rice Pudding,0,1,1,0,198,6,3.7,80,30.7,0.1,16.6,5.9
Indian Chicken Curry,0,1,1,1,923.9,48.7,19.5,178.4,97.3,38.1,6.5,46.3
Indian Tacos,0,1,0,0,871.5,25.4,12.7,1512.1,108.6,11.2,1.6,49.8
Indian Pudding,0,1,1,0,171.9,4.9,2.5,148.6,27.6,0.7,14.6,5.2
Dohi Maach - Fish in Curd - An Indian Delight,0,1,1,1,151,8.7,1.8,438.9,7,1.3,2.9,11.8
Crab-Indian gravy,0,1,1,1,133,1.6,0.3,370.9,5.1,1.1,2.5,23.5
Indian Corn Pudding,0,1,1,0,170.2,6.5,1.6,425.2,20.9,2.3,3.1,9.4
Indian Samosa,0,1,0,0,430.7,17.6,2.3,20.3,61.8,6,4,7.8
Indian Tuna Salad,0,1,1,0,41.3,3,0.2,118.7,3.6,0.6,0.4,0.8
Ras Gulla (Indian Cheese Balls in Sugar Syrup ),0,1,0,0,421.5,7.2,4.5,346.6,85.2,0,77.3,6.7
South Indian Curry Powder,0,1,1,0,1299.3,18.6,1.8,99.6,228,78.9,46.2,73.9
Aloo Paratha (Indian Potato-Stuffed Flatbreads),1,0,0,0,359.8,7.9,1.1,398.2,64.5,6.9,1.1,9.6
Indian Tacos (And Fry Bread),1,0,0,0,560.1,12.3,4.8,1189.9,79.7,13.4,7.6,33.6
Indian Fry Bread,1,0,0,0,91.2,0.2,0,153.8,19.2,0.7,0.1,2.6
Indian Pudding,0,1,0,0,263.8,8.5,4.7,235.8,39.2,1.2,6.5,8.8
Indian Rice Pudding With Cardamom,0,1,0,0,526.2,39.6,24,121.8,35.1,0.7,20.2,10
Paal Payasam (Indian Rice Pudding),0,1,0,0,714.1,6,2.6,321.1,141.7,1.9,76.3,24.9
Indian Spiced Rice,0,1,0,0,122.6,1.2,0.7,158.2,25,0.5,0.1,2.3
Homemade Paneer / Panir (Indian Curd Cheese),1,1,1,0,156.4,8.2,4.7,123.8,12.2,0,14,8.7
Indian Coconut Soup,1,1,1,0,401.4,33.6,25.5,125.1,23.7,1.1,14.8,6.7
Lhassi (Indian Yoghurt Drink),1,1,1,0,158.7,4.3,2.8,136.7,19.7,0.3,19.5,10.5
Indian Lentils and Rice Soup,1,1,1,0,364.4,3.3,2.3,250.9,64.5,16.6,7.2,19.2
Sev ( Deep fried crispy Indian snacks),1,0,0,0,1741.7,157.8,91.8,1180.1,74,25.2,12.4,24.9
Indian Jaggery Rice Pudding (Vellam Payasam),0,1,0,0,311.3,6.7,4,5,63.1,0.3,50,1.2
Chickpea Daal (Indian),0,1,1,0,136.8,4.2,2.3,561.7,22,3.9,2.5,4
Palak Paneer (Indian Fresh Spinach With Paneer Cheese),1,1,1,0,65.7,4.2,2.5,241.1,6,1.9,2.1,2.4
Indian Chicken With Vegetables (Murgh Subji Wala),0,1,1,1,370.6,25.7,6.6,684.9,7.3,1.7,3.4,27.2
Easy Crescent Samosa (Indian Style Sandwiches),1,0,0,0,163.8,3.9,0.8,344,30,3.8,8.7,4.7
Indian-Style Potatoes and Snow Peas,1,1,0,0,994.7,38.6,5.1,1227.1,145.6,17.9,12.6,19.8
Masala Dosa with Coconut Chutney (South Indian Savory Crepes with filling),1,1,0,0,497.4,9.4,1.3,17,87.8,14.8,5.7,15.9
Indian Lamb Curry,0,1,1,1,421.4,34.5,12.3,81.7,7.2,1.8,3.1,20.6
Indian Spicy Peas (Sukhi Matar),1,1,1,0,107.5,3.3,0.4,335.7,15.4,4.6,5.8,5.1
Indian Hot Onion Relish,1,1,1,0,81.8,0.6,0.1,587.3,19.8,3.3,7.7,1.9
Basic masala recipe for Indian vegetables,1,1,1,0,42.2,0.7,0.1,34.3,8.8,2.5,2.6,1.5
Indian Potatoes with Mustard Seeds (Sookhi Bhaji),1,1,1,0,255.6,1.2,0.2,23.4,56.6,8.1,4.7,7.1
Chai (Indian Tea),1,1,1,0,82.9,4.6,2.8,64.8,6.7,0.5,0,4.2
Indiana Mexican Lasagna,0,1,0,0,401.7,17.3,5.9,537.5,39.4,2.4,1.5,20.4
My Very Own Summer Yogurt Cooler (Indian Lassi),1,1,0,0,76.3,4.1,2.6,349.9,6,0.1,5.7,4.3
Indian Pudding,0,0,1,0,262.2,5.3,2.4,275.4,48.7,1.3,23.6,6.3
Keerai Mologutal (South Indian Spinach-Lentil Stew),0,1,1,0,215.4,11.2,6.6,660.7,21.6,11.5,2,10
Indian Snack Mix,0,1,0,0,736,55.4,7.6,660.6,50.7,6.2,4.6,16.4
Indian Style Curried Potato Salad,1,1,1,0,278.1,12.8,2.2,308.9,37.3,5.1,3,6
Cherokee Indian Curry AAA Steak Sauce,0,1,0,0,599.6,29.1,3.8,1654,82.7,4.8,59.9,3.4
White pumpkin with pulses(S. Indian style white pumpkin in hot and sour gravy),1,0,1,0,239.3,11.7,6.9,1195.7,27,10.7,5.8,9.1
New England Corn Pudding (Indian Pudding 1),1,0,1,0,313.3,18.4,10.7,319,32.7,0.7,20.2,6
Indian Pudding 2 (New England Corn Pudding),1,1,1,0,404.9,14.9,8.9,567.3,63.2,1.4,36.9,7.7
Mom's Perfect Theritipaal (South Indian Milk &quot;Fudge&quot;),1,1,1,0,182.5,4.8,3,104.1,28.7,0,22.6,7
West Indian Bean Dip,0,1,1,0,681.6,31.4,14.5,487.4,70.2,14.7,3,32.6
Indian Fried Rice with Peaches,0,1,0,0,285.5,8.9,1.1,3.2,46.6,2.4,4.5,4.7
Indian Chili Chicken with Onions,0,1,1,1,1019.5,79.9,14.3,2163.3,39.2,5.5,16.9,40.9
Fragrant Indian Rice Stuffing,0,1,1,0,392.8,22.2,2.1,66.5,44.5,3.5,11.5,8.2
Indian Potatoes with Cauliflower - Aloo Gobi,1,0,1,0,288.9,7.8,1,499.8,51.1,9.5,7.5,7.9
Indian Egg Rolls,1,1,1,1,251.1,13.1,3,845.3,22.6,1.1,1.2,10.4
Indian Punjabi Palak Kadhi - Spinach Curry with Yogurt Sauce,0,1,0,0,150.2,7.8,1.1,384,13.5,2.2,8.3,7.5
Low Cal Indian Steamed Hilsa,1,1,1,1,7,0.1,0.1,294.6,1.2,0.1,0.5,0.4
Dal Maharani (The Queen of Indian Lentils!),0,1,1,0,240.8,18.3,8.5,43.4,16.4,4.2,4.2,4.9
To Die For The World's Best Indian Mango Curry,0,1,1,0,261.7,6.2,2.4,1159.8,43.7,3.9,37.5,11.7
Indiana Succotash,0,1,1,0,144.7,6.8,3.8,617,21.6,3.6,5.2,3.5
Indian Spice Blend,0,1,1,0,21.7,0.9,0.1,5.4,3.6,1.2,0.2,0.8
Indian Style Lemonade,0,1,1,0,150.1,0.1,0,10.2,39.3,0.2,32.7,0.2
Indian Summer Punch,0,1,1,0,865.1,1,0.1,9,87.2,1.5,69.3,4
"Indian spiced fish in creamy, yoghurt sauce",0,1,0,1,364.8,21.6,12.9,187.2,18.2,2.2,8.8,25.4
Indian Paneer Cheese,0,1,1,0,992.8,105.1,65.8,115.6,10.1,0,0.4,7.4
Indian Chai Tea or Smoothie,0,1,1,0,112.3,4.5,2.8,63.9,14.8,0.2,8.7,4.1
Mom's 3C's Mologutal (South Indian Vegetable Lentil Stew),0,1,1,0,180.5,10.4,7.6,23.2,17.8,8.2,3.4,6
Indian Fried Rice,0,1,0,0,475.8,17.3,2.3,12.5,71.7,4.9,1,9.5
Indian Fried Rice,0,1,0,0,503.9,15.6,5.8,1073.9,78,9.4,7.2,14.2
Indian Summer Vegetable Soup,1,1,1,0,334.7,8.6,1.6,412.9,55.3,8.4,12.5,13
Indian Fry Bread,0,1,1,0,235.2,1,0.3,382.8,48.7,1.7,0.2,6.8
"Potato (Aloo) Posto - a Bengali , Indian Vegetarian Recipe",0,1,1,0,225.7,5.6,0.8,168.2,40.6,5.5,2.9,4.9
North Indian Methi Butta Palak - a 'fenugreek Leaves-Baby Corn,0,1,1,0,131,7.7,1.1,638.7,14.7,3.2,2.9,3.6
Homemade Indian Curry Powder Mix,0,1,1,0,15.6,0.6,0.1,3.1,2.9,1.3,0.1,0.5
West Indian Pumpkin Soup,0,1,1,0,186.4,11,6.4,674.9,16.8,1.8,4.4,7.2
Dad's Nutritious Muthiyas' - An Indian appetiser with tofu stuff,0,1,1,0,147.1,7.4,1,184.6,17.4,2.1,0.7,3.1
Indian Tofu Pancakes,0,1,0,0,93.5,1.7,0.4,20.9,16,1.4,7.5,4.9
Indian-Style Cauliflower,0,1,1,0,84.8,0.9,0.2,322.6,15.8,4.6,5.5,5.2
Indian Spice Walnuts,0,1,1,0,783.9,76.8,7.2,904.7,17.8,8.2,3.8,20
Indian Candy-Smoked Salmon,0,1,1,1,3263.9,0.2,0,113403.2,852.3,0.5,826.1,1.4
"Kidney Bean Chili, Indian Style (Rajma in Masala)",0,1,1,0,99.7,3.2,1.7,659.3,14.9,3.8,3.8,4.2
East Indian Cheese Logs,0,1,0,0,1652.6,126.6,63.3,1165.5,95.3,11.2,55.9,51.6
Indian Chicken Pudding,0,1,0,1,998.2,49.6,20,3948.9,103.5,6,9.6,44.8
Indian Spiced Rice,0,1,0,0,290.3,3.9,0.5,302.6,55.5,8.7,6.2,9.2
Indian Pudding,0,1,1,0,236.3,9.4,5.5,205,33.5,0.6,18.8,5.7
Amritsari Machi - Punjabi(Indian) Fish,0,1,1,1,305.1,2.1,0.5,138.8,38,3,1.8,32.6
Indian Protein-Laden Dal Shorba (Lentil Soup),0,1,1,0,156.6,13.9,1.8,8.4,8.7,1.4,1.5,1.5
Hot Indian Chai Drink,1,1,1,0,134.8,5,0.6,139.1,13.4,3.8,1.3,11.3
East Indian Pea & Potato Wrap,1,1,0,0,224.1,3,0.7,444.9,43.4,3.2,3.7,5.9
Indian Smothered Curried Potatoes,0,1,1,0,208,8.6,5.2,459,30.1,3,6.5,3.6
Spicy Dal Parathas (Indian Lentil-Stuffed Tortillas),1,0,0,0,130.2,4.1,1.6,293.9,19.7,5,0.3,4.9
Mom's Quick-n-Easy Kesari (Indian Semolina Sweet Dish),1,0,1,0,217.6,7.6,4.2,15.3,35,0.9,19.1,3
American Indian Fry Bread,1,0,0,0,167.5,2.1,0.8,206.4,31.5,1.1,0.2,5
Indian Pudding (Microwave),1,0,1,0,256.7,9.4,5.1,121.5,37.7,0.6,24.1,6.3
Indian Lentil Sandwich Spread,1,0,1,0,138.6,1.1,0.1,12.3,24.4,9.2,1.9,9.9
Tofu &amp; Potato Stuffed Bell Peppers in a Spicy Indian Sauce,1,1,1,0,191.9,4.8,1,90.4,34,8,13.3,7.3
Baklava - An Indian Milk Sweet In Sugar Syrup,1,0,0,0,553.4,22.9,11.3,216.1,79,2.7,42.2,10.2
Indian Style Mung Beans,1,0,1,0,293.4,11.8,1.5,23.8,35.7,10.9,2.4,14.2
Green Tomatoes with Indian Spices,1,0,1,0,331.6,28.6,3.7,57.6,19.6,4.9,11.5,4.6
Samosas...indian Savoury Pies,1,0,0,0,70.3,2,0.3,2.2,11.7,0.9,0.3,1.5
Indian Chicken and Mushrooms in Spiced Tomato Cream,0,1,1,1,488.2,27.6,7.5,657.9,22.5,3.9,7.9,39.7
Indian Potatoes and Cauliflower,1,0,1,0,152.4,2.7,0.5,52,28.9,6.5,4.8,6.1
Indian Lamb Wraps,0,1,0,1,832.6,46.5,16.7,1215.1,66.2,4.5,5.1,35.9
Indian Spinach/Paalak Fry,1,0,1,0,199.2,8.5,1.1,144.2,25.7,8.8,8,9.9
Dosas (Indian Rice and Lentil Pancakes),1,0,0,1,196.7,3.4,0.5,584.8,35.6,4.9,2.1,5.8
Indian Pudding,1,0,0,0,490.4,13.5,7.7,373.1,86.3,1.9,55.5,10.4
Matthan Erisheri (South Indian Pumpkin and Lentil Stew),1,0,1,0,189.2,8.6,6.3,7.5,22.2,9.7,2.5,8
Indian Style Shrimp and Scallop Skewers,0,1,1,1,218.2,13.3,1.9,824.4,4.1,0.2,0.1,19.7
Spicy Indian Kofta,0,0,1,0,385.1,27.6,11.9,84.5,12.1,2.5,2.8,21.6
Indian Lamb and Spinach,0,1,0,0,407.2,27.1,10.8,187.7,10.8,3.7,3.9,30.7
Indian Shrimp,1,1,1,1,142.4,3.9,0.5,722.3,8.4,1.9,4.1,18.6
Uncle Bill's Indian Split Pea Soup,1,1,1,0,75.3,3,0.4,135.3,9.4,3.3,1.6,3.3
Addictive Spicy Peas Rotis (Indian Flatbreads),1,0,0,0,191,1,0.2,295.6,40.4,7.5,2.5,8.3
"Eat One, Grab All Paneer wali rotis (Cottage cheese Indian flatb",1,0,1,0,188.4,2.3,1,5.8,38.2,6.5,1.8,7.2
Lamb in Indian Spices and Yoghurt,0,1,1,1,734.3,52.7,20.2,171.4,16,4.3,6.9,49.4
Indian Mutton Biryani,0,1,1,1,651.1,24.3,7.3,83.6,80.5,5.3,5.2,27.5
South Indian Spicy Awesome Fish Chettinad,0,1,1,1,198.1,7.7,1,16,30.6,3.6,4.7,5.3
Indian Sandwich,1,0,0,0,157.4,5,2.9,354,20.8,1.1,2.3,7.3
Naan (Indian Flat Bread),1,0,0,0,401.9,9.3,5.3,591.7,66.5,2.2,1,11.6
Indian Pizza,0,1,0,0,224.5,8.3,2.5,237.5,18.8,2.4,1.3,19
Indian-Style Potatoes - Khatta Aloo,1,0,1,0,132.2,7.2,1,8.1,16.6,2.9,2.3,2.2
Red Indian Fish Masala,0,1,1,1,381.4,3.6,0.8,504.5,33.9,6,14.4,53.2
Pol Roti (Coconut Roti/Indian Flatbread),1,0,1,0,295,2.6,0.5,27,59.4,3,3.9,7.8
Bread Machine Indian Bread,1,0,0,0,145.9,2.2,0.3,198.7,27.8,1.4,1.5,3.5
Bridgetown Potatoes & West Indian Style Shrimp Scampi,1,1,1,1,1251.6,75.4,45,1020.9,67.6,8.7,4,77.4
Indian Egg Spread,1,0,1,1,69.6,4.5,1.2,171.9,2.7,0.6,1.6,4.5
Spicy Indian Dahl,0,1,1,0,303.1,8.3,4.3,606.2,44,8.9,2.4,16.5
Indian Chaat ,0,1,0,0,73.1,1.2,0.7,20.8,13.8,2,4,2.8
Tortillas the Indian Way,0,1,0,0,204.4,4.1,1.6,235.2,35.7,1.2,1.8,5.6
masala chai (indian spiced tea),1,1,1,0,116.5,3,1.9,44.8,20.4,0,16.6,2.7
Dad's Favourite Yummy Indian Dessert - Shrikhand,0,0,1,0,373,5.7,2.8,173.9,68.6,0.5,67.5,13.8
Indian Okra Curry Made In Buttermilk,1,1,1,0,238.2,14.8,8.7,137.3,21.5,4.8,9.4,8.3
Indian Spiced Cauliflower Soup,0,1,1,0,137.4,7.7,2.9,285.4,11.9,1.9,4.8,6
Salmon Cutlets in Indian Creamy Sauce,1,0,0,1,635.1,34.7,20.7,258.5,12.3,2.2,5,68.7
Spicy Indian Barbecue Sauce,1,1,0,1,215.8,11.1,2.1,1382.4,24.1,2.8,11.2,6.4
Indian Fish Pakoras,0,1,1,1,31.9,0.8,0.1,24.8,6.3,1.6,1.4,1.3
Coconut Lovers' Indian Semolina Parathas(Coconut-Suji Ke Paratha,1,0,0,0,481.5,14.9,12.3,14.8,75.5,7.6,8.1,12.8
Indian Mince Cutlets,1,0,0,1,546.4,30,12.6,131.5,41,5.3,2.1,27.5
D'Belli (The Indian Burger),1,0,0,0,396.4,22.6,3.2,213.4,40.6,4,9.9,10.4
"Hyderabadi Khatti Dal (Mango Lentil Curry from the Indian state,",0,1,0,1,586,16.4,2.1,55.1,90,32.4,29.7,26.5
Indian Kadai Chicken,0,1,1,1,940,69.2,16.8,260.5,13.7,3.4,6.8,64.7
Ras Malai (Indian cheese balls in milk),0,1,0,0,438.5,13.9,8.5,362.6,61.2,0.6,33.5,18.3
Indian Pudding,0,1,1,0,141,5.3,3.3,62.3,21.6,0.5,12,2.5
Delicious Indian Chickpeas Pulao,0,1,0,0,443,19.4,9.3,110.2,64,8.7,9.9,8.9
divine indian spinach,1,0,1,0,97.8,7.5,4.1,239.8,6,3.2,1.1,4
Indian Curried Turkey Salad,0,1,1,1,261.2,18.8,5.1,569.1,22.4,2.5,10.9,4.4
Indian Turkey Cutlets,1,0,0,1,44.1,2.6,0.4,396.8,5.5,0.8,3,0.9
Five Colour Pretty Indian Pulao(Pilaf),0,1,0,0,268.9,8.4,1.2,20.6,44.1,3.5,3.2,5.1
Spicy Indian Fish Koftas,0,1,1,1,64,0.8,0.2,387,7.2,0.5,1.1,6.8
Indian Red Gun Powder (Molaha Podi),0,1,0,0,396.7,15.2,2,1180.2,54,13.8,23.1,14.2
Delicious Indian Pista Burfee,0,1,1,0,343.6,12.7,5.2,199.6,47,1.5,37.4,12.2
Mooga Ambat (Sprouted Indian Green Gram Curry),1,1,0,0,828.9,56.3,38.5,33.5,64.5,33.7,9.4,24.5
Buttermilk- (Indian),1,0,1,0,71.9,4.7,2.5,42.4,4.8,0.1,0.4,2.9
Cardamom Flavoured Indian Mango Chutney,0,1,1,0,2.5,0,0,10.8,0.6,0.1,0.6,0
Apple Milk Indian Delicacy(Seb Rabdi),0,0,1,0,481.6,15.7,9.1,201.2,75.6,3.5,52,13.6
Indian Chicken Balls,0,1,1,1,21,1.8,0.8,31.8,0.4,0.1,0.1,0.9
Indian Creamy Rice Pudding (Phirni),0,1,1,0,344.6,15.7,6.5,129.3,41,1.4,19.6,11.8
Indian Spiced Chicken and Spinach,0,1,1,1,367.4,22.4,8.5,1133.2,12.6,5.7,2.5,31.9
Indian Cabbage and Carrots,1,0,1,0,197.6,14.8,1.9,802.6,16,5.1,8.5,3
Indian-Spiced Chickpeas and Red Peppers,1,1,1,0,321.7,9.2,1.2,1123.5,51.7,10.5,5.3,10.5
Indian Corn Pilaf,0,1,1,0,229,5,0.8,4.7,42.2,2.4,0.4,4.7
Indian Chicken,0,1,1,1,335.4,5.2,1.2,18.2,62.9,5.3,4.7,9.1
Roti ( Indian Bread ),1,0,1,0,208.7,5.7,1.2,641,34,1.2,0.5,5.1
Indian Chicken Makhani,0,1,1,1,483.8,15.8,6.3,805,53.2,2.7,14.1,31.9
Simple Fried Rice  ( Indian ),0,1,0,0,588.8,20.9,13,1317.4,90,1.5,0.1,8.2
Low-Fat Version of Indian Butter Chicken,0,1,1,1,316.5,3.3,0.7,341.7,36.7,2.8,10.3,33.7
Indian Lamb and Vegetable Curry,0,1,1,1,779.2,51.3,20.4,193.4,32.2,6.6,6.7,48.1
Potatoes With Indian Spices,1,0,1,0,208.9,3.8,0.5,18,40.3,5.3,1.8,4.8
Dum Aloo (Indian Potatoes),0,0,1,0,67.9,0.2,0,100.5,15.3,2.4,2,2.1
Elaichi Chaa (Indian Cardamom Tea),1,1,0,0,48.8,0,0,8.3,12.6,0,12.6,0
Lamb Frankie (Indian Street Type Sandwich),0,1,0,1,461.5,21.2,7.6,792.8,46,3.6,6.8,21.7
South Indian Cabbage and Carrot,1,0,1,0,84.3,5.7,1.1,257.9,8.4,2.2,4,1.3
Aloo Ka Bhartha  (Indian Style Mashed Potatoes),0,0,1,0,486.9,27.5,4.1,19.2,55.8,7,2.5,6.5
"Super-Healthy, Super-Spicy Indian Vegetable Medley",1,1,0,0,279.6,0.9,0.2,75.1,64.3,13.3,14,8
Mixed Nuts Indian Ice-Cream (Kulfi),0,1,0,0,339.1,27.2,16,108.5,20,0.1,15,5.5
Aloo Mutter - Indian Potatoes With Peas,0,1,1,0,107,0.5,0.1,241.7,23.2,3.7,4.2,3.8
Indian-Style Chilled Carrot Salad,0,1,1,0,104.4,7.3,0.9,350.6,9.8,2.7,4.6,1.2
Shrimp in Indian Sauce,0,1,1,1,465,22.1,11.4,2258.1,10.1,0.8,4.5,54.4
Indian Style Pumpkin Soup,0,1,1,0,170.9,10.8,8.9,13.1,19.7,1.6,4.4,3.7
Indian Fry Bread,1,0,0,0,119.5,0.9,0.1,260.2,24.2,0.8,0.1,3.2
Indian Cabbage Stir-Fry,1,0,0,0,50.9,1.1,0.1,416.2,10,3.8,6.2,2.6
Indian Style Broccoli,1,0,1,0,181.1,9.6,1.8,60.9,21.9,5.8,9.8,5.9
East Indian Chocolate Cake With Filling,0,0,1,0,1255.4,53.8,32.8,734.8,187.6,8.7,133,10.7
Sprouts and potato salad in Orange juice,0,1,0,0,342.9,0.6,0.1,26.4,77.6,9.4,12.8,9.7
Sprouts Sandwiches,1,0,0,0,39,2,1.2,20.1,4.8,1.2,2.6,1.4
Brussels Sprouts 'n Potatoes,1,0,1,0,150.8,5.4,3.1,83,23.3,4.9,4.3,4.6
Black Coffee Barbecue Sauce,0,1,0,1,772,3.9,0.5,2241.9,189.6,6.4,164.3,7
Chocolate Coffee,1,0,0,0,308.3,19.3,11.9,43.5,20.3,3.1,11.5,5
Chocolate Coffee Ice Cream Soda,1,0,0,0,91,1.1,0.7,164.6,19.6,0,18.2,1
Creamy Iced Coffee,1,1,0,0,64.6,0.1,0,19.1,15.9,0,15.7,0.3
Coffee Punch with Ice Cream Floats,1,1,0,0,240.4,19.5,12.1,49.3,15.6,0.5,13.3,2.5
Iced Coffee Cream,1,1,0,0,284.9,17.6,10.9,109.8,25.9,0.6,18.6,5.9
Sweetened Iced Coffee,1,1,0,0,151.3,6.3,3.9,85.8,17.8,0,8.3,6.1
Coffee Liqueur (Fake Kahlua),1,1,0,0,704,0.1,0,24.6,122.6,0,118.1,1.2
Instant Coffee Kahlua,1,1,0,0,4621.1,0.1,0,43.5,608,0,602,1.5
Cappuccino Coffee Mix,1,1,0,0,54.3,2.2,2,12.4,8,0.1,6.8,0.7
Coffee Frappe,1,1,0,0,48.4,0,0,10.5,12.5,0.1,9.5,0.1
Copycat Coffee House Whipped Cappuccino,1,1,0,0,274,6.1,3.9,147.9,45.8,0.6,40.4,10.2
Iced Coffee II,1,1,0,0,241,0.5,0.2,37,41.1,0,0,12.2
Cinnamon Peach Coffee Cake,0,1,0,0,555.5,23.5,2.9,280.6,82.8,3.2,56.6,6.5
Caribbean Coffee,1,1,0,0,37.8,1.2,0.8,27.4,4.4,0,4.7,2.2
Chocolate Coffee II,1,1,0,0,136.4,6.9,4.3,88.4,15.8,0.8,8.4,4.7
Spicy Garlic Ginger Roti,1,0,1,0,260.5,15.1,9.1,2.3,28.6,4,0.2,5
Makki Di Roti,1,1,1,0,115,3,0.4,0.5,19.1,0.7,0.1,2.6
Missi Roti,1,1,1,0,303.2,9.7,4.3,416.2,42.4,7.6,4.7,12.8
Hari Bhari Hari Roti (All The Way Green Green Peas Roti),1,1,1,0,115.9,2.2,0.3,293.2,21.3,4,0.9,4.4
Vegetable Rotini,1,1,1,0,1046,35.9,17.6,1967.9,138.1,14,13.8,41.6
Basic Rotis or Chappatis,1,1,1,0,68,0.5,0.1,1,14.4,2.1,0.1,2.6
Summer Corn and Tomato Pasta,1,1,0,0,324.6,9.4,4.4,682.9,52.1,9.3,7.1,11.7
Apricot Chicken With Pasta,0,1,0,1,1213.5,30,7.2,138.7,173.5,11.8,25.9,62.3
Olive Garden Pasta E Fagioli,1,0,0,0,506.2,18.9,6.5,1709.4,52.8,11.2,14.9,31.6
Creamy Smoked Salmon & Dijon Pasta,0,1,0,1,438.6,20.3,9.7,596.9,44.1,2.4,3,20.1
Pasta E Fagioli II,0,1,0,0,1871.8,21.8,6.4,277.9,324.3,51.5,8.7,100.3
Steak & Tomato-Basil Pasta,1,0,0,0,757.8,35,13.2,525,71,11,6.6,41
Sweet Pepper Sauce for Pasta,1,0,0,0,285.2,15,2.2,30.6,37.6,10,22.5,6.5
Pasta and Beans,1,0,0,0,1767.9,11.6,3,89.1,324.1,51.5,8.7,97.7
Pasta Salad with Sweet Peppers and Dill,1,1,0,0,83.4,3,0.4,24.2,12.4,1.9,3.8,2.2
Pasta with Blue Cheese Sauce,1,1,0,0,475.8,6.2,2.9,703.5,82.3,5.7,8.8,16.1
Pasta with Peperoni (Sweet Green Peppers),1,1,0,0,420.2,2.5,0.4,36.4,93.4,13.7,1.6,9.1
Pasta With Szechuan Peanut Dressing,1,1,0,0,423.4,18.8,2.8,198.7,51.9,4,5,14.7
Quick and Cheap Pasta,1,1,0,0,176.5,11.9,7.4,614.5,17.3,3.6,10.2,3.5
Shrimp Sauce for Pasta,1,1,0,1,520.1,12.4,3,1077.9,60.3,2.6,2.3,35.9
Pasta Fruit Salad,1,1,0,0,196.2,1.4,0.6,14.4,42.7,3,18.9,5.2
Potluck Pasta Salad,1,1,0,0,278,16.6,3.6,525.5,25,4,4.6,9.4
Spinach Pasta Salad,1,1,0,0,141.1,9.9,2.9,166,9.4,0.9,0.7,4.2
Tuna-Riffic Pasta Salad,1,1,0,0,362.5,2.9,0.7,349.9,56.7,5.3,8.8,26.1
Alfredo Sauce with Pasta,1,1,0,0,1902.9,186.8,116.7,3363.6,9.7,0,1.4,52.3
Alfredo Sauce With Pasta,1,1,0,0,765.8,37.6,22.8,258,87.1,3.6,3.2,19.4
White Pasta Sauce,1,1,0,0,188.2,14.3,8.9,76,10.1,0.1,0,5.5
Homemade Pasta,1,1,0,0,293.1,6.4,1.3,37.2,47.9,1.7,0.3,9.6
Egg Noodles II,1,1,0,1,1279.3,27.3,8.1,2952.8,193.5,6.8,2.6,57.3
Noodles Romanoff with Sour Cream,1,1,0,0,166.7,10.2,6.2,358.8,11.6,0.4,0.4,7.4
Thai Noodles With Seafood,1,0,0,1,179.4,9.9,1.3,1539.5,6.6,0.8,3.1,16.3
Peanut Noodles with Gingered Vegetables and Tofu,1,0,0,0,694.6,37.4,6.3,786.3,67.5,9.5,10.5,28.9
Nancy's Sesame Noodles (Cold),1,1,0,1,563.9,22.6,4.4,158.6,72.1,5.7,5.2,20.2
Deviled Eggs and Noodles,1,0,0,1,298.6,20.1,9.6,595,21.5,1.5,2.8,8.8
Thai Noodles (Pad Thai),1,1,0,0,833.9,47.4,6.5,1622,81.5,5.7,23,24.5
Noodles in Sesame Sauce,1,1,0,0,2063.8,120,17,2596.3,226,17.3,21.9,35.7
Spicy Thai Noodles,1,0,0,1,668.4,29.2,5.4,6506.7,64.6,3,11.3,37.1
Fried Noodles Chinese Style,1,0,1,0,1504.4,22.5,6.1,547.8,243,14.6,13.5,80
Salisbury Steak with Egg Noodles,1,1,0,1,474.6,20.4,7.5,788.4,41.6,2,6.7,30
Lemon Noodles,1,0,0,0,382,5.8,0.9,340,70.3,3,5.5,11.9
Noodles with green onions & Ginger,1,1,0,0,280.9,13.2,2.1,882.5,33.6,1.8,1.2,7.4
Chicken Chow Mein With Noodles,1,1,0,1,543.7,27.1,5.1,771.9,57.4,10.6,8.2,24
Cabbage and Noodles Salad for the Lazy,1,1,0,0,97.6,0.5,0.1,712.2,22.3,5.2,11.7,4.8
Baked Noodles,1,1,0,0,192.2,9.9,5.2,191.4,18.4,1,3.7,7.7
Basmati Rice Seasoned with Garam Masala,0,1,0,0,304.1,9.5,5.2,72.7,49.5,2.5,1.3,5.2
Rice with Garlic and Pine Nuts,0,1,0,0,773.9,20.2,6,3.9,132.8,3,0.7,13.4
Rice Pilaf,0,1,0,0,175.7,6.1,3.7,349.7,27.1,1.3,1.1,3.2
Rice Stuffed Artichokes with Lemon Sauce,0,1,0,0,754.8,15.4,8.5,438.4,137.5,10.3,4.2,17.2
Butter Pecan Cookies,1,0,0,0,69,5.6,1.4,15,4.5,0.6,1.6,0.8
Blueberry Cookies,1,0,0,0,58.4,2.4,0.7,41.6,8.7,0.2,4.5,0.7
Chocolatey Raisin Chip Cookies,1,0,0,0,83.5,3.1,0.6,28.2,13.5,0.5,8.7,1.2
Fudgy Chocolate Crinkle Cookies,1,0,0,0,298.7,11.9,3.6,137.7,46.8,1.6,32.6,4.1
Hazelnut Shortbread Cookies,1,0,0,0,111.5,7.5,3.4,46.4,10.4,0.6,4.6,1.3
Fruit Loop Cookies and Orange Icing,1,0,0,0,103.5,5.7,2.4,27.5,12.5,0.1,9.4,0.8
Easy Refrigerator Lemon Cookies,1,0,0,0,59.3,3.1,1.9,42.1,7.5,0.1,3.4,0.5
Crunchy Pretzel Drops No-Bake Cookies,1,0,0,0,106.3,3.4,2.4,173.4,17.9,0.4,6.3,1.4
No Bake Chocolate Cookies,1,0,0,0,2522.8,136.6,44.5,1569.7,265.6,48.1,32.3,72.9
Honey Dijon Mustard Chicken With Apricot,0,1,1,1,167.7,1.5,0.4,82.8,10,0.1,5.5,27.4
Honey-Hazelnut Spread,1,1,1,0,1252.2,54.7,4,9,201.2,9.2,189.5,14.1
Honey Fruitcake,1,0,0,0,6503.8,262.3,78.3,2114.2,979.4,32.6,789.7,77.8
Honey Cheesecake,1,0,0,0,416,33.6,20.6,297.5,21.2,0.1,19,9.4
Honey Bar Brownies,1,0,0,0,327.4,18.2,2.3,23.6,39.9,1.2,26.2,2.9
Honey Dijon Mustard Dressing,1,0,0,0,241.1,1.2,0.3,418.2,43,0.7,41.9,15
Honey Oat Biscotti,1,0,0,0,102.5,4.1,0.8,106.8,14.9,0.9,6,2
Honey Glazed Turkey,1,0,0,0,529.5,24.6,15.1,1909.2,77.4,4.9,65.5,6.8
Honey Oat Bread (Bread Machine),1,0,0,0,255.3,4.3,0.6,293.8,48.3,2.1,8.9,5.9
Apple Juice Marinade,1,0,0,0,376.8,0.5,0.1,4029.9,92.6,1.3,85.5,8.5
Apple Juice Roast,1,0,0,0,549.7,22.3,10.7,735.4,22.8,2.7,8.8,65.5
Tomato Juice Cocktail,1,0,0,0,36.4,0.2,0,828.4,10.1,1.7,5.5,1.4
Baked Salmon with Orange Juice,1,1,1,1,258.3,15.5,4.3,76.5,7.7,0.1,6.2,21
Fruit Juice Cooler,1,0,0,0,64.2,0.1,0,6.5,16.3,0.6,3.3,0.5
Garden Veggie Juice,1,1,1,0,26.2,0.3,0.1,9.2,6,1.6,3.5,1.2
Sprouts and potato salad in Orange juice,1,0,1,0,342.9,0.6,0.1,26.4,77.6,9.4,12.8,9.7
"Clamato Juice ( Substitute, Homemade, Copycat, Clone )",1,0,0,0,9.2,0,0,90.3,2.2,0.1,1,0.2
V-8 juice for canning,1,0,0,0,213.8,2.1,0.3,89,47.2,13.3,30.9,9.5
Meatballs With Tomato With Juice Gravy,0,1,1,1,315.4,21.2,7.8,893.9,8.6,0.9,4.8,22.2
Tomato Juice,1,1,1,0,69.6,0.8,0.1,35.3,14.9,4.8,10.1,3.4
Spicy Tomato Juice,1,1,1,0,47.8,0.5,0.1,16.6,10.7,2.9,7.2,2.1
V10 Vegetable Juice,1,1,1,0,53.8,0.5,0.1,43.5,12.3,3.2,7.7,2.2
Smurf Juice,1,1,1,0,35,0,0,3.6,3.5,0,3,0
Beatlejuice,1,1,1,0,22,0,0,0.1,0,0,0,0
Orange Juice Bread,1,1,1,0,368.5,13.3,7.9,141.4,59.2,0.7,40.6,4.4
"Pineapple, Apple, Banana and Orange Juice",1,1,1,0,175.9,0.4,0.1,3.5,45.5,4.9,34.9,1.9
Baby's Jungle Juice,1,1,1,0,45.5,0.6,0.3,9.1,9.6,0.1,8.8,0.7
Wave Juice,1,1,1,0,25.4,0,0,0.9,6.6,0,6.3,0
Pink Perfection Juice,1,1,1,0,56.2,0.4,0,1.7,13.7,1.7,9.5,1.1
Vegetable-Orange Juice Cocktail,1,1,1,0,59.8,0.2,0,370.8,14.3,1.3,12.4,1.4
Grape Juice Sherbet (Healthy & easy!),1,1,1,0,122.5,0.1,0,46.9,29.7,0.1,29.3,1.7
Carrot/Apple Juice,1,1,1,0,135.4,0.6,0.1,113.4,34.3,7.6,22.5,1.8
Apple Juice Jello Cubes,1,1,1,0,7.1,0,0,1.5,1.6,0,1.5,0.2
Sweet Potato Stew With Orange Juice and Black Beans,1,1,1,0,160.1,1.9,0.9,47.1,31.2,6.5,9,5.9
Carrot and Celery Juice,1,1,1,0,131.4,0.8,0.1,242.4,30.4,9.2,15.2,3.1
Chuck's Chicken Juice,1,1,1,1,212,22.3,3,2102.5,0.9,0.1,0.2,0.7
Watermelon Juice,1,1,1,0,134.8,0.5,0.1,10.8,34.7,1.4,30.2,2
Salad Smoothie (for juicer or blender),1,1,1,0,99.7,0.8,0.2,665.8,22.4,6.3,10.8,4.8
Homemade Tomato Juice,1,1,1,0,153.1,1.6,0.2,1525.7,33.1,10.1,21.8,7.1
Easy Concord Grape Juice,1,1,1,0,510.3,0.6,0.2,4.7,131.5,1.7,129.7,1.2
Banana-Cranberry Juice-Tofu Smoothie,1,1,1,0,56.9,0.2,0.1,0.7,14.6,1.5,8.2,0.6
Yogurt Juice - Drinkable Yogurt,1,1,1,0,37.4,2,1.3,31.4,2.9,0,2.9,2.1
Homemade Sparkling Grape Juice,1,1,1,0,386.6,0.7,0.2,15.1,95.8,0.7,95.2,1.4
Hot Mulled Pineapple Juice,1,1,1,0,240.1,0.4,0,13.6,60.4,1.6,50,1.3
Tomato Juice Cocktail,1,1,1,0,32.2,0.1,0,840.2,7.9,1.1,6.3,1.4
Easy Fruit Juice Tapioca Pudding,1,1,1,0,142.4,0.2,0.1,306.3,35.1,0.6,19.5,1.1
Strawberry Orange Juice Sauce,1,1,1,0,190.9,0.4,0,2.6,50.9,4.4,44.8,1.4
Tomato / Vegetable juice to can,1,1,0,0,622.2,3.2,0.8,3583.1,148.7,21.2,120.7,14.8
Vegetable Juice Cocktail,1,1,0,0,29.7,0.2,0,633.4,6.8,2,3.5,1
Michigan Grand Sparkling Cherry Juice,1,1,0,0,38,0.1,0,9.1,9.7,1.2,8.5,0.6
Orange Juice Cookies,1,1,0,0,81.8,4.3,2.9,49.4,10,0.5,4.7,1.1
Raspberry's Christmas Apple Juice Mull,1,1,1,0,1889.9,4.6,0.8,119.4,470,7.2,433.7,3.6
Simple Spiced Apple Juice Tea,1,1,1,0,117.5,0.3,0.1,7.5,29.1,0.3,27.1,0.2
Spicy Cleansing Juice,1,1,1,0,276.2,1,0.1,120,70.3,11.8,50,3.9
,1,1,1,1,187.8,9.5,5.9,100.4,24.8,0.3,22.5,2.3
Frozen Juice Punch,1,1,1,0,114.1,0.1,0,14.7,29,0.1,28.2,0.4
Grapefruit Juice ,1,1,0,0,151,0.5,0.1,0,38.7,0,0,3
 Juice Cocktail,1,1,1,0,144.3,0.5,0.1,51.2,37,7.8,24.7,1.8
Warm Spiced Cranberry Juice ,1,1,1,0,130.4,0.3,0,4.4,32.1,0.1,27.7,0.4
Carambola juice,1,1,0,0,39.2,0.3,0,9.8,9.8,2.7,4.4,1.1
Fruit 'n' Juice Breakfast Shake,1,1,0,0,165.8,1.2,0.6,43.2,36.8,2.4,26.7,4.2
Orange Juice Biscuits,1,1,0,0,471.6,21.5,9.8,893.8,66.1,1.3,39.3,5.2
Juice Alpokat (indonesian Avocado Drink),1,1,0,0,586.3,35.9,8.3,120.9,64.4,14.5,44.7,10
Jungle Juice Frosty,1,1,1,0,93.6,0.3,0.1,3.3,22.6,2.1,13.3,1.1
Orange Juice Cake,0,0,0,0,467.8,23.5,7.4,497.4,61.2,0.5,45.5,4.3
Carrot Cake With Carrot Juice,1,1,1,1,7788.3,348.2,95.5,4539.8,1123.4,27,879.2,79.4
Sea Bass and Shrimp Marinated in Lime Juice,1,1,1,1,184.3,5.1,0.9,341.1,7.2,0.7,1.7,27.5
Wood Apple Juice,1,1,1,0,555.5,0.2,0,1.4,144,3.3,139.2,0.4
Monster Slime Juice,1,1,1,0,126.8,0.1,0,558.9,22.4,0.5,20.6,1.3
Get Juiced,1,1,1,0,239.9,1.8,0.3,360.9,56.3,15.1,32.9,6.9
Spiced Cranberry-Apple Juice,1,1,1,0,93.8,0.2,0,3,24,0.1,22.2,0
Pineapple-Rose Fruit Juice,1,1,1,0,16.8,0,0,0.9,4.1,0.1,3.1,0.1
Strawberry And Raspberry Multi-beneficial Juice,1,1,1,0,110,1.2,0,2.7,25.8,10.9,12.2,2.4
Pineapple And Kiwi Fruit Juice For Fresh And Young Skin,1,1,1,0,39.6,0.1,0,1.6,9.6,0.1,7.4,0.3
Watermelon And Mint Juice,1,1,1,0,101.8,0.5,0.1,3.2,25.8,1.2,21.7,1.9
Avocado &amp; Frozen Tomato Juice,1,1,1,0,287.5,24.6,3.6,363.6,18.8,6.9,5,2.6
Carrot And Parsley ,1,1,1,0,5.9,0,0,0.2,2,0.1,0.6,0.1
Jungle Juice ,1,1,1,0,145.2,0.1,0,1.4,37.5,0.5,34.8,0.3
Carrot And Ginger Zinger Juice,1,1,1,0,137.9,1.3,0.3,105.4,31.9,7.2,13.6,2.7
"Pineapple,apple,&amp; Ginger Juice",1,1,1,0,71.8,0.2,0,1.4,19.1,3.3,14.3,0.4
Chicken Flambe,0,1,1,1,304.6,14.6,4.5,158.6,6.6,0.8,2.2,25.6
Chicken Curry,0,1,1,1,360.1,10.7,4.9,1251.6,38,4.6,23.5,31.1
Chicken Goulash on a Sour Cream Crust,0,1,1,1,695.5,46.4,22,275.1,41.8,2.6,3.7,24.2
Chicken in Pizza Dough,0,1,1,1,545,5.9,1.6,628,97.3,3.9,1.4,22.8
Chicken Lasagna,0,1,1,1,209.3,10.3,4.7,693.5,10.9,0.8,3.1,18.1
Chicken Pot Pie Lasagna,0,1,1,1,334.8,13.8,7.2,517.3,19.2,2.1,3.2,30.8
Chicken Roll-Ups,0,1,1,1,330.7,19.4,10.2,552.7,31.8,2.3,3.7,7.5
Chicken Supreme with Mushrooms,0,1,1,1,411,26.8,12.2,209.7,7.3,1,3.2,32
Chicken Sate with Peanut Sauce,0,1,1,1,527.6,37.9,13,1525.5,12.2,3.4,3.2,38.2
Karacha Dosai,1,0,0,0,709.6,9.9,1.4,1170.6,135.9,7.2,5,17.6
Amul Cheese Dosas,1,0,0,0,180.9,0.4,0.1,85.1,37.6,4.9,1.1,6.1
Sabudana Dosa,1,0,0,0,707.2,5.8,2.3,70.5,148.5,7.3,10.9,14.6
Palak Dosa,1,0,0,0,2226.9,7.9,1.4,5892,500.1,23.8,86.6,44.2
Sweet Dosa,1,0,0,0,134.3,2.5,0.3,80.9,25.6,0.6,8.4,2.3
Masala Dosa with Coconut Chutney (South Indian Savory Crepes with filling),1,0,0,1,497.4,9.4,1.3,17,87.8,14.8,5.7,15.9
Kozhi Dosa - Chicken stuffed pancakes,1,0,0,1,859.5,28.7,6.8,1269.2,113,4.1,0.7,34
Aloo Dosai especially for SandraMK,1,0,0,0,166.6,0.5,0.1,86.6,35.8,3.4,2.6,5.2
Dosas (Indian Rice and Lentil Pancakes),1,0,0,0,196.7,3.4,0.5,584.8,35.6,4.9,2.1,5.8
Neer Dosa,1,1,0,0,78,0.1,0,0.2,17.2,0.3,0,1.4
Plain Crepes (Plain Dosas),1,1,0,0,471.7,1.1,0.2,4.7,92.3,20.4,1.3,21.2
Rice And Coconut Dosas/Crepes,1,1,0,0,491.3,14.3,12.3,8.8,82.4,4.8,1.6,7.9
Potato And Carrot Dosa,1,1,0,0,663.8,3.8,1.7,96.7,143,13,11.8,16.4
Instant Rava Dosa (Semolina Pancakes),1,1,0,0,229.4,3,0.6,35.9,43.9,3.5,1,7.1
Steamed Rice Cakes (aka Idli),1,1,0,0,63.7,0.1,0,1.2,14.1,0.5,0,1.2
Rava Idli,1,1,0,0,288.2,5.2,2.1,624,48.9,3.2,5.6,11.2
Idli,1,1,0,0,39,0.1,0,64.9,7.6,1.7,0.1,1.7
Peanut Chutney for Idlis and Dosas,1,1,0,0,236.4,19.4,2.7,299.9,9.6,3.8,3.1,10.3
Fried Idlis,1,1,0,0,103.5,0.7,0.1,632.8,23.1,3,5.6,2.9
Buckwheat Bread,1,1,0,0,2389.3,27.3,7.1,2717,466.9,57.5,30.2,97.8
Bread Pudding,1,1,0,0,487.1,25.6,14.5,597.1,49.3,0.4,29.6,15.6
"Capsicum, Tomato and Crunchy Bread Salad",1,1,0,0,283.9,26,3.6,11.1,12.4,3.2,7.4,2.3
Bread Pudding with Jack Daniels Sauce,1,0,0,0,517.6,25.4,14.7,521.2,55.5,1.4,25.6,9.2
Buttermilk-Oat Bread,1,0,0,0,68.7,0.7,0.3,88.4,13.3,0.6,1.7,2.1
Cherry Tomatoes on Provolone Garlic Bread,1,0,0,0,488.6,38.6,10,483.5,23.7,2.9,7.2,13.4
Amish Friendship Bread and Starter,1,0,0,0,615.9,21.3,4,374.9,100,2.3,65.2,8.5
Amish Cornbread,1,0,0,0,1792.5,85,20.6,3580.5,217.9,15.1,10.5,45.9
Chocolate Bread and Butter Pudding,1,0,0,0,433.4,22.4,12.7,378.1,46.8,1.7,22.1,10.7
Crock Pot Chocolate Zucchini Nut Bread,1,0,0,0,2867.8,120.7,32.5,1447.9,414.9,18,205,47.4
Chocolate Zucchini Bread,1,0,0,0,501.2,24.2,3.7,392.8,67.6,2.7,40.9,6.3
Chocolate Chip Shortbread,1,0,0,0,111.7,7,4.3,1.1,11.1,0.6,5,1.1
Brown Sugar Shortbread,1,0,0,0,73,4.5,2.8,32.3,7.7,0.2,2.5,0.7
Eight Layer Shortbread Slices,1,0,0,0,107.2,6.5,4.1,58.3,11.3,0.4,3.3,1.1
Hazelnut Shortbread Cookies,1,0,0,0,111.5,7.5,3.4,46.4,10.4,0.6,4.6,1.3
Pecan Shortbread,1,0,0,0,113.2,6.3,3.3,39.5,13.6,0.4,7.5,1
Pumpkin Bread Pudding with Raisin Nut Bread,1,0,0,0,438.5,28.8,16.6,293.7,38,1.4,19.7,8.2
Apple-Cinnamon Bread Pudding,1,0,0,0,210.1,8.1,4,153.7,29.5,2.5,16.5,6.1
Irish Dark Soda Bread,1,0,0,0,158.4,0.8,0.3,267.5,32.5,2.5,3.6,5.7
Irish Soda Bread,1,0,0,0,1551.8,6.4,2.3,3114.6,317.1,10.2,19.9,48.9
Apple and Marmalade Bread and Butter Pudding,1,0,0,0,361.3,6,2.5,273.9,72.7,4.5,45.5,9.1
Gingerbread Yule Log,1,0,1,0,287.2,16,9.5,202.8,32.8,0.6,18.4,4
Fried Cornbread,1,0,1,0,611.2,6.2,0.9,3459,128.6,12.3,0,15.2
Cornbread and Cheese Muffins,1,0,1,0,137.8,5,2.6,229.1,17.5,2,1.5,6.7
Ezekiel Bread,1,0,1,0,151.4,2.9,0.4,147.3,27.4,4.3,0.9,5.9
Dill Bread,1,0,0,0,1613,30.9,13.1,3593.6,264.2,13.9,12.5,67.5
Dill Buttermilk Bread,1,0,0,0,1676.6,7.1,2.6,4902.4,348,10.8,56.4,51.5
Cranberry Bread,1,0,0,0,266.9,8.4,1.2,385.6,44.5,2,22.4,4.6
Awesome Apple Bread,1,0,0,0,2634.1,118.3,16.8,1906.5,370.8,10.3,220.2,29.3
Croissant Bread Pudding with Brandy Cream Sauce,1,0,1,0,648.9,36,21.1,580.2,72.9,2.9,44.3,9.8
Crusty Bread From Cuba,1,0,1,0,1427.3,4.2,0.7,6993.3,299.5,11.6,7.3,40.7
Crisp Flatbread,1,0,1,0,107,0.5,0.1,195.7,23.1,3.2,0.2,3.3
Crusty Garlic Bread,1,0,1,0,71.8,1.7,0.3,134.1,11.8,0.8,0.2,2.1
Hobo Bread,1,0,1,0,1219.4,19.4,2.6,1687.5,250,9,129.1,19.9
Mixed Onion Soup in Sourdough Bread Bowls,1,0,1,0,808.9,28,15.6,730.8,59.1,4.1,20.4,15.1
Red Pepper Spoon Bread,1,0,1,0,212.4,5.8,2.5,438.3,31.1,2.6,4,11
Bread Machine Sage-Wheat Bread,1,0,1,0,76,1.3,0.5,81.8,14.1,1.6,0.6,2.7
Savoury Bread Dish,1,0,1,0,233,9.4,4.2,367.7,24.9,0.9,1.9,11.6
Spoon Bread Chili Pie,1,0,1,0,529.3,35.7,16,1239.7,39.3,7.9,6.4,16.1
Perfectly Spiced Banana Bread,1,0,1,0,318.2,13.1,7.8,434.9,46.6,1.5,22.3,4.8
Butter Shortbreads,1,0,1,0,36,2.7,1.7,19.1,2.7,0.1,0.8,0.3
Amish Cornbread II,1,0,1,0,298,14.2,3.2,475.7,36,2.5,1.8,7.7
Coconut Bread,1,0,1,0,214.6,12.6,3.6,97.3,23.4,1.2,13.4,3.1
Coconut Bread II,1,0,1,0,274.3,15.6,3.8,129,30.8,1.3,17.6,4
Buttermilk Cornbread,1,0,1,0,110.3,4.8,0.9,226.5,14.2,1.1,1.6,3.1
English Muffin Bread,1,0,1,0,261.4,2.2,1,435.9,51.1,2,1.2,8.3
Fried Cornbread II,1,0,1,0,72.4,1.4,0.4,231.1,12.2,1,1.5,3.1
Fantastic Focaccia Bread,1,0,1,0,925,65.7,39.2,2093.8,14.2,1.9,6.1,69.3
Gingerbread Man Cookies,1,0,1,0,1919,49.1,10.2,939,335.5,9.6,77.5,33.1
Orange Bread,1,0,1,0,379.9,8.7,1.8,491.7,70.2,2.8,41.3,7.5
Southern Spoon Bread,1,0,1,0,212.5,12.3,6.7,699.2,20.4,1.5,2.3,6.2
Virginia Spoon Bread,1,0,1,0,338.1,25.6,14.9,515.9,22.1,1.8,0.3,6.2
Texas Spoon Bread,1,0,1,0,207.2,9.5,4.9,522,22.2,1.5,0.9,8.8
Pear Bread,1,0,1,0,929.2,35.4,21.1,1048.2,140.3,3.9,73.3,14
Pumpkin Pie Spice Bread,1,0,1,0,392.1,15.2,2.3,344.8,60.7,1,38,4.7
Soft Flatbread - Mjukt Tunnbrod,1,0,1,0,201.4,5.3,3.1,136.3,33.6,1.8,4.5,5.2
Sourdough Zucchini Bread,1,0,1,0,2841.8,139,21.3,2353.2,363.3,12.8,155.2,43.7
The Whole Earth Cracked Wheat Bread,1,0,1,0,1086.2,19.6,2.8,1193.9,213.8,22.1,49.9,32.5
West Indian Bread Pudding,1,0,1,0,458.2,4.9,1.1,838.3,87.2,4.5,17.3,16.2
White Bread or Rolls,1,0,1,0,2458.3,57.1,13.7,5840.9,424.3,16.7,39.1,56.5
Lavash Armenian Thin Bread,1,0,1,0,1272.6,32,5.5,2367.7,214,7.7,19.5,29.3
Hawaiian Bread,1,0,1,0,3257.5,160.2,76.3,3079.1,389.1,18.1,86.2,65.7
Hono Bread - Honokakor,1,0,1,0,127.4,3,1.7,174.2,21.7,1.2,0.6,3.4
Banana-Walnut Bread,1,0,1,0,106.2,3.9,1,87.7,15.2,0.8,2.1,3
Maraschino Pecan Bread Abm,1,0,1,0,143.7,4,1.1,197.3,23.1,1.3,3.1,4.1
Navajo Fry Bread,1,0,1,0,1856.1,166.8,66.5,794.6,72.6,2.3,8.4,14.2
Sicilian Sausage Bread,1,0,0,0,506,43.5,16.8,1111.1,3.3,0,0.7,24.5
Banana Bread II,1,0,0,0,417.2,0.8,0.2,366.4,96.2,3.9,43.2,8.1
Pao Doce (Portuguese Sweet Bread),1,0,0,0,1733,34.1,18.1,1505.6,314.1,11.8,89.8,41.7
Orange Bread Pudding,1,0,0,0,231.2,5,2.3,234.4,42.4,0.5,29.7,5
Apple Bread Pudding,1,0,0,0,1577.7,25.1,6.4,1664.4,301.4,22.9,59.4,44.9
Salt Rising Bread,1,0,0,0,2066.2,36.9,13.3,921.2,368.4,13.3,22.6,57.3
Mom Gourley's Salt Rising Bread,1,0,0,0,1723.3,111.9,31.3,9478.8,174.4,6.5,114.2,14.2
King Arthur's Apple Cinnamon Breakfast Bread,1,0,0,0,2632.3,54,29,3974.9,463.5,25.4,62.6,74.3
Coconut Bread III,1,0,0,0,231.9,10.5,5.3,206.5,31.4,1.7,13.1,3.8
Coconut Bread Trinidad,1,0,0,0,329.1,14.4,10,317,45,2,17.6,5.7
Salt Rising Bread II,1,0,0,0,1726.9,24.7,13.5,2539.7,321.8,11.2,13.7,48.1
Old-Fashioned Porridge Bread,1,0,0,0,1360.3,18.2,4.1,2361,264,11.8,34.5,32.6
Fried Cornbread III,1,0,0,0,546.6,10.6,3,1763.7,94,8.2,8.2,21.8
What-to-Do-with-All-the Egg-Yolks Bread,1,0,0,1,531.9,31.9,6.4,360.8,53.3,3.6,7.3,9.6
Holiday Season Cranberry Bread,1,1,0,0,362.6,13.4,3,322.9,56.4,3,28.4,6.5
Gingerbread Men,1,1,0,0,84.2,3.1,1.2,63.7,13.1,0.3,5.4,1.1
Garlic Bread,1,1,0,0,1108.7,13.3,2.9,2729.1,212.4,10.2,17.5,32.5
Spoon Bread,1,0,0,0,1848.1,130.5,75.8,3825.5,124.3,8.2,13.9,51.2
Lady Bird Johnson's Spoon Bread,1,0,0,0,142.2,5.8,2.7,503.3,16.5,1.1,0.2,6.6
Microwave Bread &amp; Butter Pickles,1,1,0,0,883.6,0.9,0.2,2340,219.6,3.4,208.3,3.1
Pear Bread Delight,1,0,0,0,2808.7,126.2,18,2410.3,389.6,18.3,220,41.4
Gingerbread Cake,1,0,0,0,196.8,4.5,2.6,290.6,37.6,0.6,16.8,2.4
Golden Bread-and-Butter Medley,1,0,0,0,198.6,0.7,0.1,2579.8,46.4,1.6,40.4,1.7
Potato Leek Soup in Bread Bowls,1,0,0,0,1446.8,33.9,8.6,3109.3,243.1,14.6,21.2,40.4
parsley Bread,1,0,0,0,367,19.5,2.5,261,44.4,1.3,25.4,4.7
Ginger Shortbread,1,0,0,0,115.7,7.8,4.9,54.7,10.5,0.3,2.5,1.2
Fabulous Zucchini Bread,1,0,0,0,927,29.3,4.6,979,153.8,8.3,83.1,17.6
English Muffin Bread II,1,0,0,0,107.2,0.3,0.1,220,21.8,0.9,0.6,3.7
Pumpkin Bread Pudding With Ginger Cream,0,0,0,0,439.5,19.8,11.4,326,59.7,2.3,39.1,7.9
Pumpkin Bread Pudding with Pecans,0,0,0,0,302.2,15.6,5.1,283.9,33.2,2.3,9.7,8.4
Easy Pumpkin Bread Pudding,0,0,0,0,613.6,17,8.3,541.1,97.1,2.2,52.5,20.8
Whole Wheat Bread,1,0,0,0,1510.1,26.8,12.6,3719.8,286.3,40.1,26.2,54.2
Cornbread With Corn Casserole,0,0,0,0,272.3,11.3,2.6,727.9,39.7,3.6,2.9,6
Onion Herb Bread II,0,0,0,0,106,1.3,0.3,115.4,20.2,0.9,1.3,3.1
Honey Oat Bread (Bread Machine),1,0,0,0,255.3,4.3,0.6,293.8,48.3,2.1,8.9,5.9
Peanut Butter Bread (Bread Machine),1,0,0,0,2291.3,72,14.7,1791.1,355.5,34.5,66.5,79.2
White Bread Baked in a Coffee Can,1,0,0,0,3221.5,128.4,20.9,2545,440.9,15.4,51.6,71.1
Cornbread Mix,1,0,0,0,1269.8,48.3,12.3,1411.2,191.1,10,30.9,21.8
Apple Tea Bread,1,0,0,0,1705.6,72.1,25.5,1169.4,252.4,11.7,138.1,19.8
Raisin-Almond Bread,1,0,0,0,229.6,12.2,6.5,223.4,25.9,1.3,4.9,4.7
Pumpkin Bread,1,0,0,0,356.1,16.7,2.1,197.2,45.9,2.4,14,6.8
Raisin-Bread and Croissant Bread Pudding,1,0,0,0,438.7,28.8,16.6,293.7,38,1.4,19.7,8.2
Bourbon Chocolate Bread Pudding,1,0,0,0,467,21.3,12.2,224.7,64.8,4.3,40.8,10.1
Pumpkin Bread Pudding with Caramel Sauce,1,0,0,0,278.7,11.2,6,204,36.9,0.9,19.1,8.4
Chocolate Bread and Butter Pudding ,1,0,0,0,699.6,55.2,33.1,326,45,4.8,18.8,10.7
Bread Bowl Spinach Dip,0,1,1,0,84.9,7.8,4.4,68.1,2.8,1,1.5,2.1
Lemon Cranberry Anise Bread,0,1,1,0,148.5,2.6,0.4,170.2,27.6,1.7,8.9,4.2
Caramel Bread Pudding,1,1,1,0,371.6,7,3.1,275.1,69.5,0.7,53.5,8.8
Apple Pecan Bread Pudding,1,1,1,0,464.2,25.6,9.7,184.3,49.8,3.7,31.9,7.7
Bread and Butter Pudding,1,1,1,0,386.9,9.5,4.2,369.7,64.4,1.6,37.7,12.1
English Bread Pudding,1,0,0,0,588.6,31.9,17,366.5,72.1,4.3,39.2,6.6
Southern Cornbread Dressing,1,0,0,0,564.3,10.4,2.7,1205.2,97.6,9.4,15.8,21.2
Almond Bread,1,0,0,0,154.9,5.9,0.5,16.8,21.9,1.7,10.6,4.8
Almond Bread II,1,0,0,0,2862.4,140.6,24.7,5560.9,326.8,22.6,152,85.7
Buttermilk Jalapeno Cornbread,0,0,0,0,235.1,9.8,2.1,438,32,1.5,6.4,5.4
Southern Cornbread,0,0,0,0,215.2,9.2,4.7,467,27.3,2.2,3.7,6.9
Pineapple Cranberry Bread,1,0,0,0,2460.7,38.5,17.2,1387.9,459.2,32.4,57.1,69.5
Easy Mushroom Bread,0,0,1,0,1543.6,17.4,5.7,3495,276.1,10.4,33.5,64.9
Basic Bread Pudding,1,0,0,0,1847.4,75.9,39.6,2616.8,205,5.6,10.8,84.1
Cinnamon Raisin Bread,1,0,0,0,125.5,1.1,0.3,234.3,26.1,1,5.8,2.8
Oatmeal Bread,1,0,0,0,2004.8,25.8,5.9,3520.5,393.8,15.2,74.2,45.5
Blueberry Lemon Bread,1,0,0,0,2683.7,85.7,50,1164.8,452.1,10.9,290,38.5
Roast Turkey With Cornbread Stuffing,0,1,1,1,2001.9,98.8,36.4,2119.4,73.5,5.1,13.3,190.8
Holiday Eggnog Bread,0,0,0,1,176.4,7,2.7,201.3,25.2,0.8,9.3,3.7
Cornbread and Sausage Stuffing,0,1,1,1,449.4,25.8,7.2,997.8,41,2.6,9.4,14.1
Soft Potato Bread Stuffing,0,1,1,0,93.4,8,5,213.7,4.5,1.1,2.1,1.5
Turkey and Leek Deep-Dish Cornbread Pie,0,1,1,1,562.3,26.5,14.6,549.2,44.7,2.9,4.7,36
Bleu Cheese & Port Bread,0,1,1,0,2133.7,53.9,18.7,4257.6,340.2,14.6,32,56.3
Christmas Rye Bread,1,1,1,0,1884.2,18.5,2.4,732,376.7,22.9,54.8,41.2
Double Cheese Bread,1,1,1,0,341.2,18.6,8.1,440.8,34.5,1.9,13.8,9.4
Cranberry Bread II,1,0,0,0,372,6.9,3.9,491.5,75.4,2.8,43.9,5.2
Massa Sovada - Portuguese Sweet Bread,1,0,0,0,204.3,12,7,238.1,21.7,0.3,20.1,3.4
Old Fashioned Bread Pudding,1,0,0,0,229,9.8,5.5,258.4,31.4,0.9,18.6,5.2
Caramel Bread Pudding II,1,0,0,0,259.9,12.4,7.1,323.1,30.2,0.4,17.5,7.3
Pizza ,0,1,0,0,207.4,7.2,3.1,513.7,28,1.5,2.5,7.5
Circle of Hearts Cherry Bread,1,0,0,0,225.3,9.3,1.9,453.2,31.9,1,13.2,3.8
Mexican Cornbread,1,0,0,0,5192.7,420.3,182,5186.7,235.4,21.2,53.3,123.2
uttapam,1,1,0,0,1604.2,17.4,3,4836.4,323.6,26.2,48.7,42.3
Pumpernickel Bread,1,0,0,0,170.2,3.1,0.4,300.4,32.7,2.8,6.6,4.2
Shortbread,1,0,0,0,157.2,8.8,5.5,61.5,18.2,0.4,5.3,1.6
Glasgow Shortbread,1,0,0,0,7903,378.6,235.6,2622.5,1066.2,21.5,401.5,70.8
Pumpkin Bread II,1,0,0,0,198.5,8.4,2.8,320.7,27.8,1.3,13.1,4.2
Omm 'Ali (Egyptian Bread and Butter Pudding),1,0,0,0,281.7,24.1,6.8,260.2,12,3.4,1.7,8.1
Simple White Bread,1,0,0,0,1670.8,18.1,2.5,2346.2,325.5,12.9,13.7,44.8
Easy Peasey Bread Pudding,1,0,0,0,614,27.3,6,367.8,86.6,2.7,62.6,9.6
Apple Bread,1,0,0,0,557.7,27.2,4.3,507,71.6,2.9,36.3,8.6
Apple Banana Bread,1,0,0,0,343.9,15,7,380.9,49,2.4,26.3,5.2
Apple Cheese Bread,1,0,0,0,368,18.6,9.5,413.4,43.9,1.6,18.8,7.5
True Garlic Bread,1,0,0,0,631,18,10.2,2337.5,103.4,10.1,0.6,18
Whole Wheat Bread,1,0,0,0,1445.4,40.8,14.2,2501.4,244.4,25.8,51.9,42.5
Onion Cheddar Bread,1,0,0,0,2182.9,68.9,28,3051.1,314.7,12.7,19.2,71.5
Sour Cream Sourdough Cornbread,1,0,0,0,324.3,14.6,5.4,757.9,40.2,2,4.4,8.3
Soft Zucchini Cinnamon Bread,1,0,0,0,220.8,12.8,1.8,253.8,24.6,1,15.2,3
Boston Brown Bread,1,0,0,0,490.1,9.8,5.4,382.3,97.1,5.4,42.4,9.3
Dillbrot (Dill Bread),1,1,0,0,385.1,7.3,3.2,818.7,63.4,2.6,8,15.6
No-Bread Sandwiches,1,1,0,0,273.1,20.8,11.9,419.2,2.5,0.7,1.6,19
Cheddar-Olive Bread,1,1,0,0,741.5,24,13.1,1447,97.6,4.6,4.7,34.3
Green Chile Cheesy Bread,1,1,0,0,711.6,20.3,11.6,1179.7,98.5,4.4,5.6,34.3
Cheddar Bread Ring,1,1,0,0,301.5,11.5,7.1,386.3,38,1.3,3.4,11.1
Golden Cheesy Spoon Bread,1,0,0,0,325.9,22.6,13.4,473,16,1.1,1,15.3
Golden Cheddar Cornbread,1,0,0,0,447.1,26.6,16.1,1149.9,34.6,2,0.5,18
Quick Cheddar Bread,1,0,0,0,472.5,22.9,13.8,687.1,48.1,1.6,0.4,18
Cheesy Cornbread,1,0,0,0,437.9,24.9,10.4,842.2,38.8,2.1,4.7,15.6
Panhandle Cornbread,1,0,0,0,679,52.5,18,687.6,40.3,3.3,3.9,16
Crusty Cheddar Bread,1,0,0,0,486.5,16.6,9.2,1139.8,60.3,2.7,4.9,22.9
Sausage and Cornbread Cabbage Rolls,0,1,1,1,489.6,28.6,10.4,173.7,20.8,3.3,14.5,36.5
Sourdough Honey Whole Wheat Bread,1,0,0,0,2356,32.1,7,2355.1,490.1,54.9,141.2,68.8
Crisp Bread and Butter Pickles,0,1,1,0,600.8,1,0.2,7091.4,145,3.2,133.6,3
Mendenhall Sourdough Gingerbread,0,1,1,0,414.2,16.5,10,542.9,63.3,1.1,33.4,4.5
Mexican Cornbread II,1,0,0,0,496.7,30.4,15,1390.3,35.9,3.1,5.8,20.8
Warm Springs Fried Bread,1,0,0,0,323.1,7.5,4.4,565.7,55.8,1.7,6.5,7.5
 Bread Rolls,1,0,0,0,96.4,2.3,0.7,104,16.4,0.5,2.1,2.4
bread pakoda,1,0,0,0,4746.1,342.5,44.9,7021,388.1,56.4,24.8,72.9
Corn Lightbread,1,0,0,0,2281.9,55.1,9.4,4186.4,406.4,21.2,125.3,48.9
Old Time Cornbread,1,0,0,0,293,9.9,3.5,643.6,42.4,2.8,3.3,8.8
Irish Bread,1,0,0,0,3080.9,114.7,67.5,2424.6,468.2,13.8,187.4,58.3
Banana Nut Bread,1,0,0,0,2154.9,72.9,14.4,1778,332.6,15.9,86.2,46.6
Oatmeal Bread II,1,0,0,0,1925,40.3,8.4,3854.8,340.8,32.3,36.9,60.4
Orange Potato Bread,1,0,0,0,2859.6,57.8,8.8,4455.3,534.4,18.9,231.4,58
Cranberry Fruit Nut Bread,1,0,0,0,308.9,8.6,1.6,504.4,53.7,2.3,26.6,5.6
Walnut Shortbread,1,0,0,0,337.3,25.1,10.7,109.8,25.4,1.5,7.8,4.5
Kay's Shortbread,1,0,0,0,40.2,2.6,1.6,20.6,3.9,0.1,1.2,0.4
Smackin Cracklin Cornbread,1,0,0,0,134.2,2.4,1,508,24.9,2.1,2.7,4.2
Banana Bread 3,1,0,0,0,290.5,8.7,1.3,257.1,50,1.9,25.9,4.4
Georgia Bread Pudding,1,0,0,0,3069.7,126.8,71.1,2557.3,424.3,7,280,67.6
Old Canadian Oysters With Bread and Rice,1,1,1,1,567.1,9.4,2.1,778.7,79.9,2.7,0.2,37.1
Chocolate Zucchini Nut Bread,1,0,0,1,3505.5,193.2,46.6,2481.1,428.2,23,252.6,49.5
Cherry Cheddar Bread,1,0,0,0,3259,107.2,44.1,4560.5,494.2,12.3,230.9,85.7
Maple Oatmeal Bread,1,0,0,0,1442.5,30.6,15.6,2563.3,253.8,23.2,33.5,45.5
Bara Brith (Currant Bread) Welsh,1,1,0,0,416.4,12.8,4.8,310.5,68.3,2.3,20.1,7
Applesauce Tea Bread,1,0,0,0,94.8,0.5,0.1,108.8,20.3,0.7,5.1,2.5
Banana Coconut Bread,1,0,0,0,541.7,16.8,6,551.1,84.3,3.6,44.3,7.9
Bread and Butter Pudding II,1,0,0,0,193.5,4.8,2.1,184.9,32.2,0.8,18.9,6.1
Bread Pudding with Bourbon Sauce,1,0,0,0,1213.8,56,29.1,760.4,156.3,5.5,91.6,19.4
Cheddar Cheese Casserole Bread,0,1,0,0,177.9,6.5,3.9,359.4,22.4,0.9,0.4,7
 Shortbread with hummus,1,1,0,0,131.2,7.8,4.9,54.7,14.3,0.3,4.7,1.2
Cheesy French Bread Onion Soup,0,1,0,0,427.9,21.1,13.1,1029.8,33.4,2.7,7.1,19.9
Molasses Brown Bread,1,0,0,0,714.4,6.8,1.6,1071.3,149.8,16.2,60.5,25.2
sheermal,1,0,0,0,187.7,13.5,8.2,57.3,17.5,1.2,8.6,1.6
Poppy Seed Oatmeal Bread,1,0,0,0,112.5,1.5,0.5,135.7,21.4,1.8,5.7,4.1
Shortbread,1,0,0,0,138.2,9.4,5.8,65.7,11.9,0.4,0.1,1.7
Wheaten Bread,1,0,0,0,2024.1,9.6,3.8,2946.1,406.1,14,25.2,68
Banana Bread Dip,1,0,0,0,185.7,4.9,2.7,99.2,36.6,2.5,27.8,2
Shortbread Crust,1,0,0,0,1763.3,98.9,60.1,727.5,193.5,5.1,50.9,26.6
Capirotada (Bread Pudding),1,0,0,0,387.9,13.5,8.5,313.3,63,1.7,54.9,8.2
Banana and Mango Bread,1,0,0,0,2673.3,121.5,63.1,3787.3,375.7,14.7,203.1,37.5
Tomato and Bread Soup,1,0,0,0,278.6,15.5,2.5,1798.7,29.4,5,10.1,8.2
Apple Walnut Bread,1,0,0,0,326.6,16.3,2.1,244.7,42.2,2.5,22.3,5
Almond-Filled Bread,1,0,0,0,285.1,10.4,3.4,151.2,42.8,1.9,21.4,6.5
Pat's Pumpkin Bread,1,0,0,0,467.7,18.3,3.9,427.4,72.3,1,48.3,5
Sausage Bread Dressing,0,0,0,0,96.3,1.7,0.7,356.6,17.3,0.8,2.7,3
"Veal Cutlets, breaded",0,0,0,1,360.2,13.9,3.5,1430.9,44.8,3.7,6.2,14.1
Italian sausage bread,1,0,0,1,164.4,13,4.8,573.5,2,0.1,0.4,9.4
cultlets witth Bread,1,0,0,0,1761,67.8,8.6,6999.8,258.4,33.9,30.2,47
Rosemary and Lemon Breadsticks,1,0,0,0,45.5,1.1,0.1,73.2,7.7,0.3,0.2,1.1
Pita Bread,1,1,0,0,173.9,0.5,0.1,147.6,36.2,1.5,0.1,5.3
Pain de Mie (Pullman Bread),1,1,0,0,156,5.2,1.1,243.7,23.6,2,0.7,4.2
Julia Child's White Bread,1,0,0,0,230,3.5,1.9,439,42.8,1.7,0.9,6
Sour Cream Banana Bread,1,0,0,0,2223.7,36.3,19.9,2856.5,446.6,12.9,229.8,35.7
Lite White Bread,1,0,0,0,786,7.9,4,1196.3,153.2,6.1,9,22.5
Whole Wheat Bread - On the Lighter Side,1,0,0,0,804.4,10.7,1.5,591.9,161.7,15.7,26.5,24
Whole Wheat Irish Soda Bread,1,0,0,0,264.8,1.2,0.2,375.8,55.5,6.5,0.5,10.1
Bread Trifle,1,0,0,0,461.7,14.9,8.7,299,79.7,5.1,45.5,7.1
Bread Salad,1,0,0,0,511.2,16.1,2.5,662.8,77,4.5,6.3,16.1
Banana Nut Bread,1,0,0,0,426.4,17.6,8.4,480.4,62.8,2.9,31.7,7
Bread Pudding,1,0,0,0,495.9,22.1,12.9,368.4,65.1,0.6,43.4,10.6
paneer sandwhich,1,1,1,0,642.9,31.5,5.7,977.6,87.9,2.5,59.3,5.7
Jan's Irish Soda Bread,1,0,0,0,337.1,2.4,0.8,860.6,67.4,6,8.9,10.8
namkeen semiyan,1,0,0,0,494.8,20.4,9.4,900.9,62.8,12.5,10.8,20.1
Garlic Bread,1,1,0,0,212.1,13.4,7.9,349.1,19,1,0.3,4.2
Cornbread Salad,1,1,0,0,19.2,0.2,0,13.1,4.2,1.4,2.5,0.9
cheese sandwhich ,1,1,0,0,414.3,22.2,4.3,1059.9,43.5,4,8.9,10.1
Banana Tea Bread ,1,0,0,0,2203.5,80.8,23.3,2349.4,338.1,9.8,153.6,36.8
Broccoli Cornbread,1,0,0,0,593.4,37.3,19.1,1661,48.1,6.2,14.3,17.8
Chocolate Chip Banana Bread,1,0,0,0,1728.7,75.4,17.1,1383,245.4,11.1,123.6,27.1
Strawberry Bread,1,0,0,0,3372.5,196.1,25.6,1942.5,376.7,16.5,213.2,44.2
Pineapple Zucchini Bread,1,0,0,0,325.9,15.4,2.2,247.3,44.3,1.7,26.7,4.5
Sour Cream Banana Bread,1,0,0,0,271,13.4,3.4,348.8,34.8,1.4,19.6,4.1
Salad bread,1,0,0,0,4594.8,161.5,54,7782.1,614,33.3,40,181.3
Banana Bread,1,0,0,0,185.2,4.1,1.1,228.1,34.7,1,21.6,3
Mild Spicy Garlic Chicken on Seasoned Pita Bread,1,0,1,1,917.8,33,13.4,903.4,93.8,7.1,2.2,59.7
Shepherd's Bread,1,0,0,1,5546.3,104.2,60.2,6673.8,1009.1,34,103.1,126.5
Cornbread Dressing Salad,0,1,0,0,123.3,4.1,1.3,208.8,18.4,2,5.7,3.3
Pecos Chicken-Cornbread Salad,0,1,1,1,392.7,16.9,8.5,635.5,38.5,6.5,8.6,23.3
grilled sandwhich,1,1,0,0,4218.6,138.6,14.9,4882.7,684,88.7,98,132.5
Italian Olive Bread,0,1,0,0,252.3,4.3,0.7,522.4,46.4,2,4.5,6.4
Carrot Pineapple Bread,1,0,0,0,2627.2,118.3,10.7,1950.1,366.7,9.5,215.2,30.1
Bread Halwa,0,1,0,0,433.5,26.6,16.6,84,46,0.5,37.6,5.8
Birdseed Bread,1,0,0,0,173.6,4.2,1.7,270.4,29.8,2.5,4.3,4.9
Gingerbread Cupcakes,1,0,1,0,145.7,5.3,0.7,94.1,22.7,0.5,7.9,2.1
Corn Salsa,1,0,1,0,131,2.3,0.3,492.9,28,4.5,6.5,4.2
Broccoli Cornbread,0,1,0,0,334.1,19.6,4.7,986.1,30.7,3.4,1.2,9.1
garlic bread,0,1,0,0,205.4,8.3,1.1,164.4,30.5,1.1,17.1,3
multigrain gralic bread,1,0,0,0,177.1,5.3,3.1,240.7,29.6,0.9,13.6,3.2
Raisin Bread,1,0,0,0,355.6,3.5,1.2,309.6,72.2,3,13,9.2
Raspberry Filled Almond Shortbread with Almond Glaze,1,0,0,0,663.3,31.1,19.5,280.3,92.5,1.4,55,4.7
stuffed garlic bread,0,1,1,0,4932,227.2,98.5,4491.3,666.5,27.1,241.7,90.3
Banana Bread,1,0,0,0,385.9,17.6,4,243.1,53.8,2.1,30.7,5.2
Cranberry Bread,1,0,0,0,671.4,16.9,3.3,1059.8,121.7,3.7,68,11.9
Old Fashioned Gingerbread,1,0,0,0,473.8,13.7,3.8,406.2,83,1.1,39.4,5.8
Refrigerator Gingerbread,1,0,0,0,363.6,14.6,3.8,334.4,53.6,1.1,25.1,5.3
Zucchini Bread,1,0,0,1,358.2,19.6,2.8,431.3,42.3,1.1,25.7,4
Injera (Ethiopian Flat Bread),1,0,0,0,46.4,1.6,0.8,127.3,6.9,0.6,0.1,1.4
English Lemon Shortbread Strips,1,0,0,0,112.9,6.6,4.2,57.7,12.7,0.3,5.4,1.1
White Machine Bread,1,0,0,0,432.6,7.3,4.1,643.9,79.4,3.1,7.3,11.1
Chocolate and orange Shortbread ,1,0,0,0,127,8.3,4.9,43,12.6,0.5,7.5,1.2
pepperoni and cheese bread,1,0,1,1,1051.2,78.9,44.6,609,92,3,88,2.1
 Herbs seasoning pizza,0,1,1,0,1590.9,27.2,12.7,3702.5,310.2,42,35.1,51.8
Mom's Pepparkakor (Gingerbread Cookies),1,0,0,0,4326.9,160.9,40.5,1650,694.3,9.5,416.9,36.6
Pumpkin-Walnut Bread,1,0,0,0,4075.9,248,90.3,5453.4,412.8,27.1,184,76.6
White Bread and butter,1,0,0,0,421.9,9.8,3.6,300.1,72.5,2.4,8.9,9.4
 Biscuit,1,0,0,0,647.4,30.6,6.5,1205,87.5,1.8,47.2,8.4
Spiced Grilled Bread,0,1,0,0,61.9,1.2,0.4,187.8,10.4,0.7,0.6,2.3
Irish Brown Bread,1,0,0,0,515.5,16.4,9.3,455.8,77.1,4,5.7,14.6
Italian Almond Bread,1,0,0,0,338.6,9.1,1.2,228.5,55.8,2.6,10.4,8.8
Monica's Peanut Butter Bread,1,0,0,0,211.7,9.5,2.3,344.5,25.8,1.5,7.1,7.4
Apple Bread,1,0,0,0,2548,51.3,7.5,1302.8,488,20.5,276.6,50.7
Easy Cheesy Garlic Bread,0,1,1,0,354.6,10.7,4.2,579.9,53.2,2.6,2.1,11
Mediterranean Pita Bread,0,1,1,0,181.9,4.7,1.1,292.5,30.1,1.2,0.1,4.3
 Bread Pudding,1,0,0,0,135.3,3.9,2.1,59,22.2,0.3,17.7,3.8
Hot Mexican Cornbread,1,0,0,0,310.8,19.3,8.1,593.2,24.5,2.2,2.5,12.1
Rosemary Potato Bread,1,0,0,0,2369.8,24.2,5.7,4733.1,461,19.6,2.5,67.2
Bread Pudding with orange sauce,1,0,0,0,336.9,10,5.2,344,53.4,1.2,27.2,8.5
Banana Bread,1,0,0,0,2411.5,104.6,61.9,2640.1,337.1,9.8,153.7,37.8
Multi Grain Bread,1,0,0,0,2011.7,44.9,9.1,2502.6,341.1,20.4,35,61.1
Applesauce Cornbread,1,0,0,0,273.5,10.8,1.7,664.9,39.5,1.6,9.4,5.6
Best Wheat Bread,1,0,0,0,1553.3,42.8,9.8,1323.7,254.5,21.4,38.1,44.9
Breaded Zucchini Casserole,1,0,0,0,260,20.4,4.3,415.1,13.3,1,3.5,6.5
"Zucchini Muffins, Cookies, Bread",1,0,0,0,225.2,9.2,2.3,336.3,33.2,0.8,17,2.8
Strawberry Bread with Cream Cheese,1,0,0,0,3065,160.7,42.4,1114.7,373.6,11.6,214.3,41.8
Gingerbread Waffles,1,0,0,0,1032.7,29.3,7,1635.4,175.2,3.3,84.9,19.4
Cranberry GingerBread,1,0,0,0,3265.9,114.9,30.4,1803.6,532.4,9.9,299.5,36.7
Sour Cream Dill Bread,1,0,0,0,1944.9,72.4,41.3,3021.3,264.4,25.1,11.4,60.9
Cherry Almond Shortbread,1,0,0,0,125.9,7.4,4,64.1,14,0.5,7.3,1.4
Almond - Glazed Poppy Seed Bread,1,0,0,0,2919.4,119.6,43.3,2544.6,428.7,5.8,274.5,36.7
besan Parathas,1,1,1,0,3958.9,240.3,51.7,1921.6,434.7,25.9,252.7,40
Halloween or Fall Porcupine Bread,1,0,0,0,957.8,36.4,6,4320,130.7,12.6,50.1,34.3
Halloween or Fall Bunnicula Carrot Bread,1,0,0,0,290.1,17.9,2.3,87.3,30.4,1.2,17.4,3.2
Halloween or Fall Pumpkin Bread,1,0,0,0,1214.7,20,3.7,683,243.8,6.5,154.6,18.9
Homemade Bread,1,0,0,0,378.8,11.6,2.5,395.3,59.4,1.9,11.2,8.7
Carrot Bread,1,0,0,0,308.6,15.2,2.2,266.3,41,2.1,27.5,3.7
Country Bread,1,0,0,0,1519.9,20.4,3,1184.8,297.4,26.5,22.7,46.4
Gingerbread-Pear Upside-Down Cake,1,0,0,0,580.9,26.7,16.5,554.5,82.3,2.7,40.1,5.5
Firecracker Cheese Bread,1,0,0,0,82.3,6,3.8,110.9,2.3,0.3,1.2,5.1
Bishop's Bread,1,0,0,0,1382.3,42.4,22.6,210.1,243.9,9.2,162.6,23.9
Cranberry Orange Quick Bread ,1,0,0,0,109.1,3,1.6,207.8,18.8,0.6,8.5,2
Cheese Herb Bread,1,0,0,0,154.9,3,1.7,330.2,27.1,1.2,2.7,4.5
Mom's Cornbread Dressing,1,0,0,0,403.1,17.2,5.5,1650.4,29.6,6.5,14.7,31.1
Savoury Bread Pudding,1,0,0,0,401.8,30.6,13.4,645.5,17.3,1.1,7.8,14.4
Cranberry Pumpkin Bread,1,0,0,0,209.4,4.8,0.7,265.2,38.1,1.1,19.7,4.2
Carrot Thyme Bread,1,0,0,0,182.5,4.1,0.6,309.1,32.5,3,2.8,4.3
Chewy Chocolate Gingerbread Cookies,1,0,1,0,142.5,8.3,5.2,58.4,18.3,1.8,8.6,2
Microwave Cornbread,1,1,1,0,308.1,16.2,2.4,619.9,34.1,2,0.3,7.2
Bread Dahi Bhale,1,1,0,0,654.6,22.5,12.4,1661.7,69.7,2.7,5.5,42.3
Chinese Mutton Stew,0,1,1,1,726.5,32.8,16,1146.2,68.8,5.2,8.1,37.6
Mutton Biryani,0,1,1,1,826.4,34.5,15.5,137.4,84.4,4.6,7.1,43
Delicious Punjabi Mutton,0,0,1,1,938.9,76.6,27.2,197.1,16.8,2.4,9.3,46.1
Dahi Meat (Mutton in Yogurt),0,1,1,1,783.2,51.3,19.1,984.6,10.6,1.4,4.3,66.7
Rara Meat (Mutton in  Whole  Spices),0,0,1,1,786.1,63.2,15.9,141.9,16.3,2.5,7.1,39.2
Handi Mutton,0,0,1,1,759.3,56.3,17.8,1615.8,6.9,1.3,3.1,54
Kashmiri Rogan Josh (Indian Mutton/ Lamb Curry),0,0,1,1,550.1,40.9,13.9,1123.3,8,1.1,6.4,36.9
Daal Goshth(Mutton Along With Channa Daal),0,1,1,1,701.9,34.4,13.3,302.7,42.5,11.4,15.3,57.1
Qahwa (Kashmiri Tea),1,0,0,0,10.6,0.9,0.1,13.1,0.4,0.2,0.1,0.4
mathri,1,1,1,0,1603.2,19.7,4.6,3503.1,311.2,10.1,26,38.7
Peanut Butter Bread,1,0,0,0,2655.2,83.6,22.8,3427.5,412,15.4,163.2,76.6
Sourdough  Bread Starter,1,0,0,0,997.8,3.4,0.5,29,208.3,10,13.2,30.7
Cranberry-Banana Bread,1,0,0,0,2954.6,116.8,25.5,2874,443.4,18.3,242.4,49.1
Lemon Shortbread,1,0,0,0,60,3.9,2.4,27.5,6,0.1,1.7,0.4
Orange Pumpkin Bread I,1,0,0,0,3056.5,107.2,22.9,3245.6,500.3,17.6,316.1,41.9
Olive Bread,1,0,0,0,162.5,2.2,0.3,341.4,30.8,1.5,0.3,4.5
Lemon Bread,1,0,0,0,2962.5,119.8,28.1,1792.9,438,11.7,271.4,47.9
Vada Pav ,1,1,0,0,506.6,29,4.5,1042.5,51.8,7.7,6.6,14.2
Cranberry Bread,1,0,0,0,401.8,17.6,2.7,344.9,55.4,1.9,28.8,6.5
Golden Bread,1,0,0,0,322.4,7,3.9,386.6,51.1,1.8,2.4,12.5
Sugar bread,1,0,0,0,213.2,6.4,3.7,173.1,33.8,0.8,8.4,5.1
Lennie's Special Shortbread,1,0,0,0,698.3,46.5,29.2,407.9,65.4,1.4,14.9,5.4
Fleischmann's Anadama Bread,1,0,0,0,2279.1,41.1,22.9,2639.8,424.5,17,48.3,50.2
Roasted Bread Salad,1,0,0,0,334.2,20.6,3,269,33.5,4.6,10.3,5.2
 Pumpkin Bread,1,0,0,0,307.7,15.9,2.4,297.2,39.5,0.9,26.5,2.8
Cornbread & Sausage Stuffing,0,1,1,0,246.2,16.4,6.2,711.3,15.6,1.3,2.4,8.6
Bread Pudding,0,0,0,0,524,2.8,0.6,349.6,123.9,6.5,69.4,7.5
Indian Fry Bread,0,1,1,0,91.2,0.2,0,153.8,19.2,0.7,0.1,2.6
Gini's Pumpkin Bread,1,0,0,0,4389.2,193,27.5,2420.3,638,34,422.1,63.5
Rajma (Indian Red Kidney Bean Curry),0,1,1,0,409.9,6.4,0.6,1637,70.3,20.3,10.4,22.9
Rajma (Kidney Beans) With Green Peppers,0,1,1,0,365.6,4,0.6,19.4,65.7,19.9,8.8,21.3
Punjabi Rajma (Kidney Beans),0,1,1,0,353.4,8.4,1.1,1193.5,53.9,17.4,6,19.2
Rajma Curry,0,1,1,0,205.9,9.9,1.5,653.8,30.4,13.8,5.9,8
Kidney Beans (Rajma) in Yogurt Sauce,0,1,1,0,83.2,2.3,0.8,640,11.8,2.9,3,4.5
Rajmah (Punjabi Curried Red Kidney Bean) (Slow-Cooker),0,1,1,0,203.7,1.1,0.2,1426.2,37.3,9.5,2.4,13.1
Rajma (Vegetarian Chili),0,1,1,0,111.5,7.3,1,10.4,11.5,3,5.9,2.1
Vegan Rajma Chawal (Kidney Bean Curry),0,0,1,0,207.2,11.4,1.5,897.5,21.5,7.3,5.8,6.8
Curried Red Kidney Beans and Cauliflower (Rajma Masala),0,0,1,0,1010.4,13.6,2.2,37.5,191.9,22.1,5.8,32.1
Crock Pot Aloo Rajma(Kidney Bean) Curry,0,0,0,0,343.6,6,0.9,453.4,61.8,14.3,9.4,13
Rajma (North Indian Kidney Bean Masala),0,0,0,0,144.1,8,0.7,162.8,16.4,2.9,5.3,5.9
Rajma Mexicana,0,0,0,0,105.2,3.9,0.5,591.5,14.1,4.5,1.3,4.4
Rice Bowl With Rajma,0,0,1,0,0,0,0,0,0,0,0,0
Rajmah Curry (Mild),0,0,1,0,340.5,11.3,3.1,598.5,46.3,15.9,5.7,15.7
Masoor Dal  (Red Lentils),0,0,1,0,196.5,9.5,5.5,398.3,21.1,3.9,0.8,8.5
Khatti Masoor Daal (Sour Split Red Lentils),0,0,1,0,561.1,22,2.9,1185.1,66.6,31.2,6.8,26.7
Masoor Masala (Red Lentils With Onion and Garlic),0,0,1,0,367.9,8.8,1.2,61,54.3,10.4,3.3,21.2
Easy Masoor Daal (Red Lentils),0,0,1,0,434.5,11.6,1.6,1175,61.6,11.6,2.3,24.9
Masoor Dhal,0,0,1,0,196.7,5.9,0.8,1182.3,28.5,12.8,2.4,9.5
Spiced up Red Lentils(Masoor Dal),0,1,1,0,316.8,10.8,4.4,15.1,41.9,7.8,2.5,16.1
Sabut Masoor(Whole Red Lentils),0,1,1,0,207.8,7.7,1.2,13.8,26.2,4.4,0.1,10.1
Masoor Pulao (Layered Minced Lamb and Lentils With Rice),0,1,1,0,1293.1,64.2,16.8,107.4,144.6,11.6,9.9,35.8
Masoor Dal,0,1,1,0,210.9,4.7,0.7,592.1,31.6,5.7,1.3,12.6
Nimbu Masoor Dal - Curried Lentils,0,1,1,0,736.1,39,5.2,16.4,73.4,13.7,1.9,29
Saabat Masoor Dal,0,1,1,0,343.6,8.2,1.3,594.7,49.6,23.7,3.3,19.6
Masoor Dal Soup,0,1,1,0,166.3,6.1,3.7,68.8,25.1,3.9,2.2,4
Moong dal ka seera,0,1,1,0,8080,502.7,310.4,52.5,800.3,152.5,509.1,130.4
Moong Sabzi (Lentil Vegetable Mix),0,1,1,0,296.7,5.5,0.7,9.7,45.2,20.9,4.7,17.7
Moong ki pakori,1,1,1,0,21.6,0.1,0,781.1,5,0.8,1.6,0.5
Sprouted Moong and Methi Pulao,0,1,1,0,317.8,4.4,2.4,63.6,60.5,6.3,11.3,9.4
Very Tasty Yellow Moong Dal (yellow lentils) and Rice Khichdi,0,1,1,0,176.7,1.8,0.3,296.6,34.1,4.9,0.5,5.9
Sweet n Sour Corn And Sprouted Moong,1,1,1,0,368.2,10.6,1.4,2806.8,59.3,6.1,7.7,14.6
kabuli chana,0,1,0,0,321.6,9.5,1.2,1063.3,44.1,19.4,5,16.6
moonglet,1,1,0,0,202,2.9,0.4,83.7,31.5,15.1,2.2,13.1
 Yellow Moong Dal Curry,0,1,0,0,236.3,12.2,1.6,1872.2,24,11,3.2,9.4
Baked Moong Bean and Coconut Custard,0,1,0,0,803.3,36,24.8,363.1,120.4,0,113.3,7.6
Moong Dal Dosas (Pancakes),0,1,0,0,223.8,0.6,0.1,5.8,42.8,12.7,3.1,12.1
Easy Moong Dal (Mashed Yellow Split Peas),0,1,0,0,330.7,8,1.3,594,48.5,19.6,7.5,18.7
Urad Dal,0,1,0,0,265.6,15.5,6.2,400.2,23.3,10.3,1.8,9.2
Urad Dal Chicken,0,1,0,1,231.2,9.3,1.6,57.7,13.3,4.1,3.3,23.7
chilla,1,1,0,0,208.1,2.5,1.4,617.9,32,14.7,3.9,14.6
Maa Chole Ki Dal(Urad and Chana Dal),0,1,0,0,419.1,14.7,1.9,17.4,53.6,23.1,5.5,20.1
Pigeon Pea Paste (Aka Arhar Dal or Toovar Dal),0,1,0,0,97.4,0.4,0.1,6.6,17.8,4.3,0,6.2
Basic Toovar Dal or Arhar Dal,0,1,0,0,169.9,0.5,0.1,584.3,28.9,14.7,1,12.4
Naan Bread Pizza,0,1,0,0,246.5,17,8.8,570.9,9.1,3.7,3.4,16.3
Roghi Naan,0,1,0,0,230.6,8.8,1.2,130.2,31.6,1.4,0.1,6
Soft Bread Machine Naan,0,1,0,0,191.5,7.1,2.9,108.6,26.7,1.4,1.3,5.1
Garlic Naan,0,1,0,0,262.8,11.7,1.7,243.7,34.2,1.2,5.4,5
Peshawari Naan Bread (Bread Machine),0,1,0,0,550,17.2,7.3,486.7,87.3,3.6,23.5,12.6
Naan-Berenji,0,1,0,0,4961,267,37.4,140,601.4,12,201.2,42.3
Cheese Onion Naan,0,1,1,0,182.5,2.3,1.2,200.9,29.7,1.6,3,10.4
Bread Machine Naan,0,1,1,0,323.9,2.1,0.5,601.3,63.5,4.5,5,13
Onion Stuffed Naan,0,1,1,0,320,11.2,6.5,451.7,47.1,2.3,2.8,7.5
Barbecue Chicken Naan Pizza Recipe,0,1,1,1,281.4,17.6,8.8,522.5,5.3,0.7,1.7,24.8
Masala bhindi Fry,0,1,1,0,481.6,18.8,2.7,60.2,71.7,23.9,15.9,20
Punjabi Bhindi Masala,0,1,1,0,833.1,43.9,6,178.1,106.3,40.6,27,25.1
Fried Bhindi,0,1,1,0,250.1,10.3,1.4,2375.7,36.3,16.7,5.8,10.8
Dahiwali bhindi,0,1,1,0,120.1,2.3,1.2,635.9,22.2,7.2,7,6.3
 Bhindi Masala,0,1,1,0,246.9,21.3,2.8,453.3,13.9,4,5.3,3.1
Bhindi Bhaji (Fried Stuffed Okra),0,1,1,0,266.3,21.4,2.8,329.9,22.4,8.5,4.2,4
Stuffed Bhindi,0,1,1,0,62.7,0.2,0.1,11.7,14.6,4.7,3.9,3
Alu Gobhi (potatoes and cauliflower),0,1,0,0,101.2,1.7,0.2,257.4,19.7,3.6,2.6,3.2
Gobhi(Cauliflower) Musallam,0,1,0,1,104.2,2.4,0.4,83.7,19,7.1,8.2,5.5
Tandoori Masala Gobhi(Tandoori Masala in Yoghurt Cauliflower),0,1,0,0,110.9,2.6,1.4,323.1,18.9,4.2,11.2,6.6
Roomali Paneer,0,1,0,0,123.6,7.2,0.9,13.6,14.7,2.3,5.6,2.3
Pudina Paneer,0,1,0,0,58.4,3.2,0.4,7,7.4,1.4,3.5,0.9
Paneer Pudding,0,1,0,0,403.7,15.2,2.4,16.1,62.9,3.4,52.5,7.5
Paneer Parathas,0,1,0,0,57.2,4.3,2.6,2.8,4.7,0.7,2.3,0.8
Paneer - Capsicum,0,1,0,0,130.9,8.2,4.9,41.4,13,2.6,5.3,3.3
Paneer tamatar ka khut,0,1,0,0,229,19.8,9,11.7,12.8,2.6,2.5,2.9
Paneer Mutter,0,1,0,0,367.1,25.9,6,42.9,28,7.2,12.9,9
Paneer Ke Gole,0,1,0,0,122.8,3.3,2.1,48.6,20.8,0,20.8,3
Palak Paneer,0,1,0,0,220.3,10.7,4.6,446.8,25.1,10.7,7.3,13.8
Paneer Enchiladas,0,1,0,0,680.1,52.4,26.6,345.4,44.3,6.1,5.2,12.6
Saag Gosht,0,1,0,1,609,45.5,19.3,223.3,13.7,3.6,6.6,37.2
Saag Aloo,0,1,0,0,183.4,0.7,0.1,92.1,40,7,3.5,7.1
Saag Paneer,0,1,0,0,194.8,10.4,6.2,182.9,19,4.7,7.2,10.2
Restaurant Standard Saag Aloo,0,1,0,0,434.3,24.4,6.3,1216.6,49.8,7.9,4.7,8.3
Saag Aloo,0,1,0,0,292.6,18.2,2.4,703.4,29,6.3,2.8,7.1
Masala Papad,0,1,1,0,30,0.2,0,5.7,6.9,1.4,3.6,1.1
Udad Dal Papads,0,1,1,0,201.7,7.3,1,53,24.1,4.5,4.5,9.3
Cinnamon Apple Salad,0,1,1,0,237,17.4,5.9,228.8,19.2,1,10.1,3
Christmas Cranberry Salad,0,1,1,0,316.9,15.9,7.3,100.3,44.9,2.5,35.5,2.3
Thai Cucumber Salad,0,1,1,1,39.4,1.3,0.2,697,7.3,1.4,3,1.7
Curry Chicken,0,1,1,1,284.4,15.3,3.8,61.3,20.4,2.5,2.6,15.9
Thai Fish Curry,0,1,1,1,498.5,35.4,23.3,311.9,12.8,1.6,1.4,35.5
Creamy Vegetable Curry with Rice,0,1,1,1,1763.4,65.3,45.4,1288,270.2,12.9,13,32
Sweet Chicken Curry,0,1,1,1,114.2,8.1,2.2,37.2,1,0.2,0.3,9
Murg Kari (Chicken Curry),0,1,1,1,404.7,28,18.1,195.3,14.3,5.3,4.1,25.9
Herbal Shaker,1,0,0,0,246.5,4.4,1.3,33.4,51.3,13.8,12.2,9.8
Pumpkin Shake,1,0,1,0,167.1,0.6,0.4,250.9,32.2,1.8,19,8
Power Shake for Breakfast,1,0,0,0,211,0.7,0.2,4.9,53.9,7.9,39.3,2.9
Apple Cocoa Shake,1,0,0,0,327.9,15.5,8.4,125.7,44.2,3.7,34.3,7
Easy Chocolate Shake,1,0,0,0,176,1,1,59.8,39.7,2,36,2
Banana Milkshake,1,0,0,0,141.1,0.5,0.2,3.1,31.6,5.5,15.6,1.5
Raspberry Cream Shake,1,0,1,0,61.5,0.5,0.1,79.1,12.1,2.7,1.8,4.3
Chocolate-Oats Bars,1,1,0,0,120.9,4.9,3,34.2,17.7,0.6,12.9,1.8
Almond Float Asian Dessert,0,0,1,0,159.2,1.4,0.8,22.8,34.9,1.4,31.8,3.2
Peasant Pizza With Goat Cheese,0,1,1,0,70.8,5.4,3.5,64.9,3.1,0.6,0.9,3
Oatmeal Buttermilk Pancakes,1,0,0,0,155.3,6.8,1.8,319.5,18.7,1.4,4.1,5.1
Oatmeal Pie,1,0,0,0,221.4,11.7,6,79.4,26,2,19.6,4.2
Cabbage Soup,0,0,1,0,103.6,0.4,0,959.3,25.1,4.8,17.7,4.3
Almond Pound Cake,1,0,0,0,277.3,13.9,8.2,377.8,33.4,1.5,7.6,5.3
Thai Cucumber Salad,1,1,0,1,39.4,1.3,0.2,697,7.3,1.4,3,1.7
Lime Pistachio Bars,1,0,0,0,147.1,7.6,4,15.7,17.9,0.5,10.6,2.3
Grilled Avocado Toast,1,0,0,0,3807.3,102.6,16.9,5279.2,605.9,40.8,33.6,126.5
Carrot & Tahini Sandwich,1,0,0,0,110.5,7.3,1,53.2,9.8,3.1,2.9,3.2
Carrot Cake ,1,0,0,0,1173.5,69.8,19.4,720.2,129.9,3.7,89.4,11.5
Light Cucumber Soup,1,0,1,0,113.7,1.6,0.8,80,20.3,1.1,9.2,6.2
Homemade Butter,1,1,0,0,68.4,7.3,4.6,7.5,0.6,0,0,0.4
Rajasthani Dahi Vada,1,1,0,0,103.9,3.8,2.4,338.6,6.7,0.1,4.5,10.5
Rajasthani Dal Potli,0,1,0,0,361.2,6.1,0.8,1276.3,61.2,20.3,7,18.3
Rajasthani Stuffed Chillies,0,1,0,0,222.7,12.5,1,6990.5,24,6.8,8.2,9.2
Rajasthani Kumda Aloo Ki Sabzi (Indian),0,1,0,0,143.2,9.9,6,32.9,13.4,2.1,2.4,1.9
 Daal Baati  ,0,1,0,0,247,5.3,2.3,465.2,43.2,8.1,2,10.1
Rajasthani Chicken,0,1,0,1,481.9,24.1,3.7,161.5,9.6,1.7,3.2,55.5
Gujrati Kadhi,0,1,0,0,86.6,5.1,1.2,694.6,6.2,1.1,2.2,4.7
Egg Noodles,0,1,0,1,540.3,7,2,83.7,95.8,3.4,0.8,20.2
Cheesecake Cupcakes with Blueberries,1,0,1,0,249.5,12.7,6.5,126.4,31.1,0.5,23.7,3.8
Cheese and Pineapple Dip,1,1,0,0,98.7,4.7,2.9,182.7,11.1,1.1,7,4.1
Cheese Rolls,0,1,1,0,66.5,0.8,0.2,127.8,12.7,0.6,1.1,1.9
Nancy's Italian Macaroni and Cheese,0,1,1,0,1679.1,60.6,36,3498.7,204,11.3,31.5,80.4
Strawberry Cheesecake,1,0,0,0,390.3,20.5,9.8,246.3,48.2,0.6,40.7,5.1
Salmon Cheese Ball,0,1,0,0,243.8,20.5,10.1,179.2,3.9,0.7,0.9,11.7
Layered Artichoke and Cheese Spread,0,1,0,0,899.1,80.5,41.5,1391.3,20.8,7.4,0.8,28.8
Creamy Cheese Sauce for Veggies (Low Carb),0,1,0,0,630.3,61,37.1,650.9,4.2,0.2,2.2,18.3
"Lentil, Tomato, and Goat Cheese Salad",0,1,0,0,248.2,18.5,5.7,140.3,12.2,4.1,2.8,10
Dahi Luchi,0,1,1,0,118.3,1.8,1,62.2,21.8,0.8,0.4,3.2
Kashmiri Dahi,1,1,1,0,81.6,3.6,1.8,38.2,10,0.3,8.9,3.2
Rajasthani Dahi Vada,1,0,0,0,103.9,3.8,2.4,338.6,6.7,0.1,4.5,10.5
Baghara Dahi,0,1,1,0,289.3,22.6,7,128.1,13.9,1,11.7,9.3
Dahiwali bhindi,0,1,1,0,120.1,2.3,1.2,635.9,22.2,7.2,7,6.3
Bread Dahi Bhale,0,1,1,0,654.6,22.5,12.4,1661.7,69.7,2.7,5.5,42.3
Tomato Dahi Chutney,0,1,1,0,140.5,11.5,2.6,204.4,3,0.5,1,6.7
Dahi Bhanta,0,1,1,0,239.9,15.7,3.1,1206.7,20.4,5.8,8,6.5
Sev Barfi,0,1,1,0,2542.2,102.2,57.1,1293.9,382.1,4.8,338.8,40.2
Seviyan ( Vermecilli Dessert ),1,0,0,0,689.3,26,15.7,8.3,108.9,3.3,57,9.3
Shahi Gatte,0,1,1,0,223.1,9.9,4.3,578,20.5,3.6,3.8,12.7
Gatte Ki Subji,0,1,1,0,257.7,21.2,9.6,262.4,12,3.9,5.1,8.1
Dum Paneer(Tofu) Kalimirch,0,1,1,0,343.4,18,8.2,913.6,33.3,6.6,12.7,17.4
Mirchi Ka Pakora,1,0,0,0,386,6.3,0.7,64.1,60.3,11.1,13.8,22.1
Bhari Hui Simla Mirch Ka Pakora,1,1,0,0,388.9,3.8,0.5,57.1,73.7,13.6,14.8,17.3
Mutton Mirch Masala,0,1,1,1,797.3,54.8,15.7,193.4,31.4,7.7,12,48.3
Mirch Ka Salan,0,1,1,0,957,63.8,8.5,155.7,96.4,16.4,40.4,19.4
Murgh Kaali Mirch,0,1,1,0,564.2,38.4,10.4,167.9,9.9,2.9,2,44.5
Courgette and Green Pepper 'sabzi',0,1,1,0,174.6,14.7,2.2,414.2,10.6,3.8,5.1,3.5
Kali Mirch Ka Murga(Spicy Chicken),0,1,1,1,631.2,37.3,9.3,527.9,31.8,4.8,6.8,45.4
Kali Mirch Murg (Chicken Curry With Black Pepper),0,1,1,1,320.2,11.7,3.1,155.9,9.1,1.7,6.8,43.3
Mirch Keema,0,1,1,0,233.3,14.9,2.3,60.6,6.4,1.3,1.6,18.7
Mirch Ka Pakora,0,1,1,0,165,1.5,0.2,27.2,32.8,5.2,9.6,7.7
Stuffed Mirchi,0,1,1,0,86.6,4.5,0.8,30.5,4.5,0.8,2.3,7.6
Mirchi Ka Salan,0,1,1,0,166.5,14,2.5,11.3,10.2,3,3.5,2.8
Sindhi Flatbreads With Black Pepper (Kali Mirch Ki Loli),0,1,1,0,121,13.6,1.8,582.3,0.2,0.1,0,0
Hot Chile Pepper Curry(Mirchi Ka Salan),0,1,1,0,273.7,17.5,2.7,19.1,28,4,6.3,6.2
Lahori Aloo,0,1,1,0,417.8,19.5,3.4,788.9,66.6,29.1,9.3,14.2
Lahori  Chargha,0,1,1,0,475.8,12.7,3,190.4,8.4,2.9,2.6,78.8
Lahori Machhli(Fish),0,1,1,1,211.7,2.5,0.3,84.1,18.7,3,3.8,28.1
Simple Lahori Chicken Curry,0,1,1,1,801.5,58.8,14.7,291.1,15.3,4.1,6.3,53
Trifle,1,0,0,0,253.8,3.9,0.4,172.5,48.9,3.9,27.9,6.2
Suffolk Trifle (English),1,0,0,0,625.7,43.4,25,142.4,49.5,1.7,37.8,7.8
Tutti Frutti Trifle,1,0,0,0,184.2,3.6,3,52.3,36.5,2.5,28.1,3.9
English Trifle - Guy Attwood,1,0,0,0,674,40.4,23.6,212,66.7,2.1,35.7,7.6
English Sherry Trifle,1,0,0,0,5527.5,238.5,136.2,3757.8,744.8,22.4,481.2,85.6
English Trifle,1,0,0,0,347.8,20.5,12,206.1,33.8,0.3,11.7,6.4
Forepaughs English Trifle,1,0,0,0,874.5,41.2,21.2,197.7,116,23.5,67.5,13.6
Lemonade Cake Trifle,1,0,0,0,3388,31,7.4,5808,766.2,25.6,117.8,27.8
Queen's Speech Peach Trifle,1,0,0,0,1302.8,4.9,2.9,1553.1,268.4,2,198,32.4
Rich Raspberry Trifle,1,0,0,0,1784.6,121.3,70.5,375.5,152.1,30.4,75,33.9
Christmas Trifle,1,0,0,0,5730.2,327.9,184.8,1179.7,498.4,4.3,345.9,104.9
Di's Mango Mousse Trifle,1,0,0,0,421.4,17.8,10.5,141.2,56.8,0.4,36.3,7.1
Tempting Trifle Cheesecake,1,0,0,0,514.1,37,22.6,253.8,37.8,0.3,29.1,8.6
Sherry Trifle,1,0,0,0,207.2,14.7,9.1,82.1,14.5,0,12.4,1.9
Bread Trifle,1,0,0,0,461.7,14.9,8.7,299,79.7,5.1,45.5,7.1
Peach Melba Trifle,1,0,0,0,373.1,18,11.1,301.1,47.5,0.9,38.9,5.6
Onion Kulcha,0,1,0,0,810.5,20.4,12.1,124.8,77.9,2.8,6.4,13.4
Chicken Keema Kulcha,0,1,0,1,262.2,0.8,0.2,83.2,134.8,5.7,9.9,20.4
Kulcha,0,1,0,0,317.5,2.3,0.6,91.8,55.2,2.5,3.9,7.9
Strawberry Blender Smoothie,1,1,0,0,131.4,0.4,0.1,0.8,33.1,4.5,25,1.7
Strawberry Cheesecake,1,1,0,0,390.3,20.5,9.8,246.3,48.2,0.6,40.7,5.1
Strawberry Marbled Cheesecake,1,1,0,0,434.1,29.7,16.6,332.1,35.3,0.8,29.1,8.5
Strawberry 'n Oat Bars,1,1,0,1,261.8,12.2,2.5,204,36.2,1.8,20,3.2
Strawberry Lemonade,1,1,0,1,100.6,0.3,0,16.2,25.9,1.5,22.8,0.6
Apple Strawberry Cobbler,1,1,0,1,243.3,6.3,3.9,280.6,44.3,2,23.2,3.7
Strawberry-Banana Smoothie,1,1,0,1,163,3.9,1.6,46.2,31.7,4.5,17.7,5.3
Strawberry Shake,1,1,0,1,128.7,1.4,0.8,100,21.9,1.4,14.7,7.4
Strawberry Punch ,1,1,0,1,43.3,0.1,0,6.4,11,0.5,10.1,0.2
Strawberry Punch #2,1,1,0,1,2538.2,24.1,13.7,732.1,571.2,39.1,475,14.1
Strawberry Pecan Cookies,1,1,0,1,65.2,3.6,0.8,39.8,7.8,0.3,4,0.8
Strawberry Dump Cake,1,1,0,1,4954.7,313.2,56.3,6490.9,512.8,21.5,294.9,50.6
Strawberry Pretzel Jell-O,1,1,0,1,284.7,11.4,6.7,446.2,43.5,1.1,25,3.9
Strawberry Hazelnut Gateau,1,1,0,0,4470.9,344.9,180,629.8,368.6,47.8,274.9,68.9
Spinach and Strawberry Salad,1,1,0,0,712.2,54.7,7.6,690.6,56.4,4.4,48.3,4.8
Banana Bran Muffins with Strawberry Butter,1,1,0,0,352.3,19.4,10.5,337.5,42.7,2.4,21.1,4.5
Fresh Strawberry Pie,1,1,0,0,321.4,8.1,2,174.4,61.6,2.7,46.1,3
Strawberry Sorbet,1,1,0,0,158,1.5,0.7,44.8,35,1.9,29.9,3.8
Strawberry Jello Salad,1,1,0,0,282.6,12.4,7.6,83.8,43,4,29.7,3.9
Strawberry Angel Fluff,1,1,0,0,154.6,0.1,0,285.8,35.6,0.1,21.2,3.6
Cajun Catfish with Spicy Strawberry Sauce,1,1,0,1,1025.6,41.9,5.2,905.5,119.5,3.8,58.9,39.9
Strawberry Coulis,1,1,0,0,24.7,0.2,0,0.6,6,1.2,4.2,0.4
Strawberry Cream Pie,1,1,0,0,486,26.1,9.6,443.4,56.3,2.9,28.4,8.6
Strawberry-Rhubarb Pie,1,1,0,0,343.5,10.4,3.5,308.6,58.8,2.1,44.1,5.5
Chicken Manchurian,0,1,1,1,216,8.4,2.4,2356.2,15.4,1.4,5,20.1
Potato Manchurian,0,1,1,0,169.8,0.3,0.1,1414.1,36.6,4.7,2.8,6.8
Manchurian Shrimp (Garlic Flavored Shrimp),0,1,1,1,145.9,3.6,0.8,329.8,1.9,0.3,0.7,25.1
Baby Corn Manchurian Delight,0,1,1,0,91.3,0.6,0.1,90.1,20.3,2.4,4.7,2.6
Vegetable Manchurian - Oriental Fusion Cuisine,0,1,1,0,260.9,10,1.8,1413.9,35.2,4.7,7,8.2
Spinach Corn Manchurian,0,1,0,0,232,5,2.2,705.9,42.6,4,2.9,6.6
Cauliflower Manchurian,0,1,0,0,211.1,7.2,1,555.6,33.9,6.3,8.4,5.8
Chinese Chicken Manchurian,0,1,1,1,289,12.6,2.5,590.5,13.6,1.1,1.8,29.2
Manchurian Dip,0,1,1,0,56.6,1.1,0.1,638,11.7,0.7,9.1,1.5
Mixed Vegetable Manchurian,0,1,1,0,235.4,7.8,1.1,560.6,38.4,8.7,12,7
Chicken Manchurian,0,1,1,1,561.8,35.8,7,1475.8,25.5,1.2,14.2,35
Roasted Manchurian Cauliflower,0,1,1,0,72.2,1.8,0.2,435.2,13.9,2.5,9.1,2.6
Gobi Manchurian,1,1,1,0,254.3,14.3,2.2,68.5,28.8,5.7,6.3,5.7
Paneer Manchurian,1,0,1,0,80.8,0.2,0,213,18.5,1.2,3,2.1
Chicken Manchurian,1,1,1,1,329.5,20.3,4.3,320.3,13.3,0.5,6.5,23.3
Charishma's Cauliflower Manchurian,1,0,0,0,127.7,7.5,1.1,36.3,13.8,2.8,2.8,3.1
Gobi Manchurian (Cauliflower in a Sweet Sour Spicy Sauce),1,0,0,0,226.8,4.5,0.6,635.4,41.5,4.1,5,6.5
Ustad's Paneer Manchurian,1,0,0,0,623.5,8.1,2.4,160.5,121.9,16.7,30.3,30.2
Ustad's Veg Manchurian,1,0,0,0,681.5,17.3,5.5,340.1,103.4,18.4,28.5,38.9
Greek Mushroom Salad,1,1,0,0,36.1,2.5,0.3,30.1,3.1,0.7,1.5,1.5
Garlic Mushroom Sauce,0,1,0,0,120.3,6.5,4,741.5,4,0.5,1.1,1.8
Easy Mushroom Stroganoff,0,1,0,0,846.7,31.1,17.4,167.9,109.2,7.4,15.4,26
Creamy Mushroom and Onion Rotini,0,1,0,0,365.7,8.1,2.9,158.7,58.8,3.4,4.5,13.2
Microwaved Garlic Mushroom Rolls,0,1,0,0,1188.6,57.5,30.8,1673.3,138.2,10.2,13.5,37.8
Mushroom Risotto Patties,0,1,0,1,223.6,13.4,6.6,115.4,24.3,3,3,4.3
Barley &amp; Mushroom Stuffed Green Bell Peppers,0,1,0,1,503.9,14.9,6.6,429.6,77.9,16.5,11.7,18.1
Mushroom Torte,0,1,1,1,43.4,0.8,0.2,49,7.5,0.8,1.1,2.5
Chicken with Mushrooms,0,1,1,1,435.2,27.6,7.7,105.1,7.1,1,2.5,32.8
Mushroom Alfredo,0,1,1,1,117.9,7.5,2.8,603.9,8.3,0.5,2,4.9
Wild Mushroom Pie,0,1,1,1,387.1,29.1,17.5,398,19.3,1,1.3,13.3
Mushroom Pot Roast,0,1,1,1,128.1,5.5,0.9,119.1,17.8,3.6,5.5,3
Mushroom Red Pepper Phyllo Puffs,0,1,1,1,195.5,5.6,2.4,345.7,30.4,2.3,5.3,6.3
Zucchini and Cheese Stuffed Mushrooms,0,1,1,1,119.5,1.8,0.3,472.6,21.9,6.6,11.2,11.2
Crab-Stuffed Mushroom Bake,0,1,1,1,151,11.4,3.7,185.2,5,0.6,1.6,8
Mushroom Bruschetta,0,1,1,1,337.5,16.4,2.5,364.1,39.6,4.6,4.7,12.2
Spicy Cheese &amp; Mushroom Quesadillas,0,1,1,1,526.7,33.2,19.2,1337,37.4,2.5,5.5,20.3
Marinated Mushrooms,0,1,1,1,1210.8,109.1,15.1,155.6,47.8,4.3,35.5,9.7
Portabella Mushrooms,0,1,1,1,179.4,15.8,3.1,157.9,5.7,1.1,4,4.6
Garden Burger with Mushroom and Peppers,0,1,1,1,237.3,4.1,0.6,220.3,43.5,3.2,5.7,7.3
Northwest Mushroom Soup,0,1,1,1,282,13.1,5.8,380.9,24.5,3.1,8.8,12.3
Cheesy Mushroom Canapes,0,1,1,1,162.5,7.2,4.1,296.9,17.7,1.1,0.3,6.7
Vegetarian Mushroom Gravy,0,0,1,1,126.7,0.7,0.1,7.6,24.7,2.1,2.4,7.1
Blue Cheese and Portabella Mushroom Ragout,1,0,0,1,429.6,33.2,21.4,1831.9,9.9,0.8,1.4,24.2
"Spaghetti Squash, Tomato, Mushroom &amp; Cheese Casserole",1,0,0,1,312.2,10.9,5.7,608.2,35.8,3.2,6.4,19.7
Polenta with Wild Mushroom Sauce,1,0,0,1,232.8,6,1.3,532.9,37,3.7,3.7,5.4
Mushroom Parmesan,1,0,0,1,269.1,23.4,3.7,131,11.4,1.5,2.5,5.5
Eggplant (Aubergine) With Mushroom Stuffing,1,0,0,0,152.4,1.5,0.3,79.2,32.1,13.9,11.2,8.3
Easy Mushroom Bread,1,0,0,1,1543.6,17.4,5.7,3495,276.1,10.4,33.5,64.9
Low-Fat Angel Hair Pasta with Onion-Mushroom Sauce,1,1,0,1,280.4,4.1,0.9,375.6,50.9,3.5,4.1,10.5
Mushroom-And-Roasted Pepper Sandwich,1,1,0,1,111.5,3.4,1.1,187.1,15.2,2,3,6.9
Pigeon with Mushrooms,1,1,0,1,2470.5,201,74.4,511.8,6,0.2,0,147.9
Dried Mushroom Soup,1,1,0,0,795.9,20.7,12.8,1279.1,136,1.3,127.7,20.2
Crab-Stuffed Mushrooms,1,1,0,0,270.7,7,1.1,537.1,24.6,9.2,9.6,32.2
Cashew Mushroom Stroganoff,1,1,0,0,1606.6,80.7,30.9,1684.6,192.5,12.1,14.2,37.9
Broccoli Salad with Oven-Roasted Mushrooms,1,1,0,0,129.1,4.6,0.4,107.9,18.2,5.6,6.1,8.6
Hot Cheesy Mushroom Spread,1,0,0,0,94.5,4.8,2.5,253.3,4.3,0.5,0.7,8.7
Meringue Mushrooms,1,0,1,0,7.7,0,0,2,1.8,0,1.8,0.1
Meringue Mushrooms II,1,0,1,0,223.1,0.1,0,103.1,49.5,0,49.1,6.8
Chicken and Mushroom Casserole,1,0,1,1,829,49.4,11.3,1395,16.8,0.8,9.8,37.1
Pilze in Sahnesosse - Mushrooms in Cream Sauce,1,0,1,0,567.9,47.2,25.4,668.6,18.5,3.7,8.5,12.6
Crabby Mushrooms,1,0,1,0,34.2,1.3,0.5,431.8,3.2,0.5,0.9,2.9
Garlic-Stuffed Mushrooms,1,0,0,1,282.8,25.2,13.6,80.8,11.8,1.6,1.7,4.7
Crab Stuffed Mushrooms II,1,0,0,1,38.6,0.8,0.2,132.7,3.9,0.5,0.8,4
Chicken with Mushroom Sauce,1,0,0,1,336.3,20.4,6.2,454.1,8.4,0.7,1.5,24.8
Cheddar Mushroom Open-Face Sandwich,1,0,0,1,216.2,12.1,6.9,370,17.9,2.5,2.7,9.4
Creamy Mushroom Soup,1,0,0,1,192.4,17.4,10.3,125,7.7,1,4.1,3.2
Stuffed Mushrooms with Crabmeat,1,0,0,1,210.5,12.9,7.4,900,12.6,1.2,3.1,12.3
Chicken and Mushroom Soup,1,0,0,1,592.6,40.7,7.7,422.3,11.9,0.5,5.1,31
Broccoli and Mushroom Dip,1,0,0,1,434.3,23.8,7.7,889,29.4,6.7,10.7,31.1
Broccoli and Mushrooms in Oyster Sauce,1,0,0,1,132,7.6,1,299.8,13.6,4.6,3.7,6.3
Easy Dinner Party Marinated Mushrooms,1,0,0,1,54.1,0.2,0,151.6,7,0.8,5.1,2
Mushroom Cups,1,0,0,1,72.5,5.5,2.8,184.2,4,0.3,0.6,2.1
Mushroom Soup,1,0,0,1,59.6,3.1,1.7,39.4,6.7,1.6,3.7,2.6
Mushroom Strudel,1,0,1,1,115,8,4.7,199.8,8.1,0.8,1.3,3.4
Baked Stuffed Mushrooms Caps,1,0,1,1,101.7,8.5,3.9,117.5,3.5,0.6,1.1,3.3
Unstuffed Mushroom Dip,1,1,1,0,192.9,15,9.2,196.6,5.4,1.1,2.2,11.3
Mushroom Stuffed Flank Steak,1,1,1,0,373.8,19.7,6.6,721.3,12.4,1.6,3.7,35.6
Pancakes With Mushrooms,1,1,0,0,275.9,15.9,6.4,346.3,26.3,1.7,2.3,7.7
Pickled Mushrooms,1,1,0,0,254.3,1.6,0.2,7010.8,52.6,4.7,46.5,14.1
Baked Mushroom Casserole,1,1,0,0,216.1,12.7,5.2,593.1,16.9,2.3,6,11.7
Mashed Potatoes with Organic Mushroom Gravy,1,1,0,0,561,43,23.6,206.5,40.1,3.3,4.8,6.3
Kashmiri Kofta,1,1,0,0,434.9,17.3,8.3,1246,65.3,1.4,46,5.3
Lamb Kofta Curry,1,1,0,0,623.8,43.8,20.1,191.2,15.3,3.8,5.6,42.5
Nadru Kofta,1,1,0,0,124.2,6.9,1.7,314.3,14.2,2.3,0.9,2.5
Kofta Curry,1,1,0,0,392.5,33,21.7,458.9,23.6,7,8.2,6.3
Carrot Koftas In Creamy Dreamy Yummy Float,1,1,0,0,182.8,6.2,1.8,693.6,27.5,4.4,11,6.2
Chilli Paneer (Tofu) Kofta Naramdil - Spicy Soft Hearted Tofu,1,1,0,0,71.9,4.9,1.1,26.7,6.1,0.9,1.4,1.6
Middle Eastern Lentil &amp; Kofta Bowl by Sy,1,0,0,0,462.6,20.1,5.9,631.7,33.1,6.9,10.3,38.5
Kickin' Sweet Potato Koftas with Mango Raita,1,0,0,0,317.8,10.8,4.8,384.1,47.2,7.1,13.5,11.1
Spicy Indian Kofta,1,0,0,0,385.1,27.6,11.9,84.5,12.1,2.5,2.8,21.6
Malai Kofta (Stuffed potato balls in cream),1,0,0,0,409.1,27,4.8,71.4,39.7,5.9,9,5.9
Spicy Indian Fish Koftas,1,0,0,1,64,0.8,0.2,387,7.2,0.5,1.1,6.8
Bizarre Awesome Rice Koftas With Mushroom Filling,1,0,0,0,725.7,10.7,3.8,337.2,141.2,9.5,12.2,18
Figs Koftas,1,0,1,0,94.3,3.6,2,7.5,15.2,2.5,6.2,1.8
Turkish Meatballs (Kofta),1,0,1,1,482.3,32.9,12.8,576.3,20.8,1.5,1.8,24.4
Koftas,1,0,1,1,420.4,35.8,13.4,77.3,2.4,0.7,0.3,21.7
Paneer Palak Kofta,1,0,1,1,477.7,42.7,26.1,301.2,21.7,6.2,7.1,8.4
Kofta Bi Tahini (kofta With Tahini),1,0,1,1,386.7,19.7,7.2,661.5,26.9,3.6,3.8,25.9
Chana Dal Kofta Curry,1,0,1,1,406.6,17.4,5.8,43.9,54.6,14.1,16.1,13.4
Kofta Curry,1,0,1,0,473.7,20,7.4,139.2,45.3,3.5,3.3,27.6
Chicken Koftas,1,0,1,1,308.5,12.8,3.6,293.6,20.9,1.7,1.9,27.1
Kofta Rolls With Chilli-Yogurt,1,0,1,0,451,29,12.1,263.8,24.8,2.4,4.5,22.5
Low Fat Kofta Curry,1,0,1,0,219.8,11.2,3.8,369.1,11.1,2.1,4.8,18.8
Kofta Curry,1,0,1,0,574.8,35.9,11.3,157.6,13.3,2.3,4.2,48.6
Lamb Kofta With Fattoush,1,0,1,0,507.7,32.6,13.2,254.1,28.1,4,4.9,26
Malai Kofta ( Potato and Cheese Balls in a Tomato Gravy),1,0,1,0,239,11.1,2.7,30.3,32.5,5,7.4,5.3
"Turkish Kofta Kebabs With Minted Yogurt and Carrot, Cumin Salad",1,0,1,0,562,46.7,15.1,117.2,13.7,3.3,6.8,22.9
Lamb Kofta Curry,1,0,1,0,963,73.7,27.9,1608.1,27.7,2.2,6.2,47.2
Kofta Curry,1,0,1,0,435.7,26.7,11.5,305.6,21.5,3,5.4,27.7
Kafka's Koftas,1,0,1,0,458.9,46.8,8.8,16.5,10.7,1.8,3,1.7
Vegetarian Tomato Sauce (For Kofta Balls),1,0,1,0,781.8,35.2,7.9,1237.6,100.3,8.3,11.8,18.1
Vegetarian Kofta Balls (Tomato Sauce Sep. Recipe),1,0,1,0,25.6,0.3,0,894.6,5.4,2.2,2.6,1.7
Kofta,1,0,1,0,148,7.9,3.1,439.9,3.2,1,0.7,15.7
Kofta Curry,1,0,1,0,595.4,37.9,19.5,317.2,56.4,11.4,8.7,15.6
Chicken Kofta Curry,1,0,1,1,785.9,57.7,27.2,923.1,22.5,3.7,5,50.3
Kofta Curry (Meatballs),1,0,1,0,543.5,31.4,12.8,546,18,3.1,7.5,46.4
Malai Kofta Curry,1,0,1,0,509.5,23.4,8.8,155.6,68.3,8.7,15.3,11.5
Egyptian Fish Kofta,1,0,1,1,2502.7,230.3,31.6,1576.8,64.6,6,5.5,49.1
Nut Koftas With Minted Yoghurt,1,0,1,0,672.8,49.3,5.2,118.7,41.3,13.6,4.3,23.8
Pineapple Kofta Curry,1,0,1,0,743.4,52.3,31.5,471,35.1,6.7,22.5,37.1
Paneer Kofta in a Tomato Gravy,1,0,1,0,154.3,11.1,1.4,16.5,12.4,2.5,4.5,3
Kofta Meatballs - Lamb,1,0,0,0,416.5,28.1,12,98.4,17.7,3.5,3.6,23
Balti Chicken Kofta,1,0,0,1,144.5,1.8,0.5,667,4.2,1.6,1.5,27.1
Kofta Meatball Curry,1,0,0,0,500.4,39.7,9.7,791.5,13.2,3.3,5.6,24
Chickpea-Kofta Recipe,1,0,0,0,48.2,0.4,0.1,148.9,9.4,1.6,0.3,1.9
Chicken Kofta Balls,1,0,0,1,259,5,1.3,740.1,16.2,4,6.2,37.8
Kofta Balls in a Spicy Sauce,1,0,0,0,169.1,8.9,2.8,1253.1,7.2,1.6,3,15.4
Baked Kofta Balls in Tomato Sauce,1,0,0,0,175.7,8.4,1.6,963.1,22.3,5,13.5,3.5
Lamb Kofta With Yogurt Sauce,1,0,0,0,543,22.8,9,844.3,52.8,3.9,8.5,31.2
Chef Joey's Baked Kofta Burgers,1,0,0,1,109.2,0.4,0.1,304.2,23.5,2.2,3.3,3.3
Spicy Kofta Burgers,1,0,0,1,257,17.2,6.7,109.9,2.7,0.3,0.8,21.4
Chickpea and Sweet Potato Koftas (Reduced Fat),1,0,0,1,58.2,0.4,0.1,230.5,11.6,2.1,1,2.3
Malai Kofta in Spicy Cream Sauce,1,0,0,1,567.6,31.5,17,2227.7,60.1,8.8,8.7,15
Kofta Biryani,1,0,0,1,514,17.5,6,403.1,64.5,4,3.4,23.8
Kofta  Aloo Curry,1,0,0,1,238.9,8.5,1.3,75.4,21,3.6,6.9,21.1
Lamb Kofta With Lemon Roast Garlic Yogurt,1,0,0,1,543.7,42.9,18.9,277.5,6.4,0.7,2.9,31.6
Kofta Mishmisheya (Lamb Meatballs in Apricot Sauce),1,0,0,1,748.5,50.4,18.7,202.9,46.1,5.5,36.9,31.1
Koftas,1,0,0,1,626.3,1.3,0.6,92.3,151.8,4.4,103.8,3.3
Spicy Afghan Meatball/Kofta,1,0,0,1,60.8,0,0,7.1,15,0.3,10.3,0.2
Badami Murgh Kofta,1,0,0,1,431.2,27.9,8.5,497.5,13.8,2.5,5.2,32
Grilled Lamb Kofta Kebabs or Panini W Pistachios and Spicy Salad,1,0,0,1,457.6,36.1,12.3,687.2,12.7,4.6,2.9,24
Greek Lamb Koftas,1,0,1,1,358.3,29.4,12.7,75.2,1.4,0.6,0,20.9
Kofta Curry,1,0,1,1,258.6,16.4,6.8,168.6,9.2,1.5,2.8,18.2
Malai Kofta (Vegetable Dumplings in Curry Sauce),1,0,1,1,448.4,20.8,7.8,1392.2,61.5,11.4,17.1,13.6
Tuna Kofta,1,0,1,1,536.7,15.4,3.2,1050.8,56.1,6.8,4.8,41.6
Methi Kofta in Palak Gravy,1,0,1,1,290.3,11.7,4.7,238.4,40.5,6.7,6.7,9.4
Indian Almond Koftas With Yogurt,1,0,1,1,371.1,23.5,5.6,403.8,10.3,3.4,5.6,31
Turkey Koftas,1,0,1,1,248.8,16.5,3.5,109.8,4.3,0.8,1.2,20.4
Tabbouleh for Koftas,1,0,1,1,73.1,2.5,0.4,8.9,12.1,3,2.1,2.2
Vegetarian Koftas,1,0,1,1,432.8,15.5,2.9,499.2,56.8,9.8,2.8,18.3
Saudi Chicken Kofta (Gluten-Free),1,0,1,1,232,10.2,2.1,116.3,4.7,0.3,0.2,28.7
Saudi Chicken Kofta and Lentil Stew (Gluten-Free),1,0,1,1,1949.7,114.8,31.6,485.4,87.4,14.1,4.1,137.8
Spinach Kofta,1,0,0,1,307.1,13.7,8.2,1262.7,43.1,6.8,12.9,7.4
Kofta Curry - the Yorkshire Way,1,0,0,1,416.1,14.2,8.3,42.3,67.6,9.8,11.7,9.2
Nargisi Koftas (Indian Meat and Egg Balls in Curry),1,0,0,1,90.1,5.2,1.6,79.1,4,0.8,2,7
Kofta Skewers,1,0,1,1,358.6,20.8,8.4,2207.8,15.7,1.1,7.1,26.4
Littlemafia's Tafta Kofta - Meatballs in the Pan,1,0,1,1,430.2,24.9,9.9,931.1,19.6,2.3,4.6,30.9
"Swedish Style, Vegan Kofta Balls",1,0,1,1,161.5,2.6,0.3,919.8,25.9,6.1,6,9.5
Turkey Kofta Kebabs,1,0,1,1,218.6,9.9,2.6,149.5,6.7,0.9,1.5,25.7
Ground Chicken/Turkey Kofta Kebabs,1,0,1,1,176.7,9.6,2.7,110,2.9,1.2,0.7,20.3
Quick Lamb Kofta With Harissa Yogurt Sauce,1,0,1,1,455.3,28.5,12.5,646.3,25.8,1.7,2.2,22.6
Zucchini Sauce for Koftas Oman,1,0,1,1,47.9,2.2,0.4,312.7,6.3,1.8,3.9,1.9
Kofta Korma,1,0,1,1,46.1,0.6,0.1,1176.1,9.9,2.2,2.8,1.6
Palestinian Kofta,1,1,0,1,108.7,5.2,2,213.4,3.2,0.2,0.3,11.6
Lamb Kofta Kebabs from Jamie Oliver,1,1,0,1,780.1,42.2,17.4,848,69,7.4,3.8,32.6
Kofta Curry,1,1,0,1,418.9,28.7,12.3,172.1,18.9,6.3,7.5,22.7
Kofta Kebabs With Chilli Yoghurt,1,1,0,1,313.8,15.5,6.3,263.4,22.1,1.9,4.9,21
Turkish Kofta Kebabs,1,1,0,1,299.1,18.7,3.9,84,10.8,1.9,3.3,22.2
Baked Malai Kofta,1,1,0,1,225.9,9.5,2.3,114.8,31.4,5.2,8.3,6.8
Achari Vegetable Kofta Curry,1,1,0,1,183.9,10.2,1.7,72.8,18.4,4.3,5.8,6.4
Kofta Meshweya,1,1,0,1,493.6,40,17.4,103.6,2.9,0.6,1.2,28.7
Yogurtlu Kebab - Kofta With Tomato Sauce and Yogurt,1,1,0,1,238.1,11.9,4,163.1,26,3.2,14,9.2
Egyptian Apricot Sauce for Kofta,1,1,0,1,246,6.7,1.2,301,42.5,4.1,30.7,7.5
Tsiren Dakakken Nama - Nigerian Kofta,1,1,0,1,252.7,13.9,5.6,101.8,3.1,0.7,1.5,26.9
Kofta,1,1,0,1,350.8,22.9,8.9,122.5,5.5,0.7,1.7,28.8
Afghanistan: Kofta Challow,1,1,0,1,321.9,20.6,6.1,1865.7,14.7,3.4,4.7,20.8
Koftah,1,1,0,1,407.6,27.6,10.7,427.8,3,0.6,0.9,34.8
Kofta Meatloaf,1,1,0,1,267.6,17.3,6.8,663.4,5.3,1.6,2.1,22
Potato Kofta Pockets With Tomato Curry Sauce,1,1,0,0,550.7,7.1,1.8,984.7,98.5,9.9,13.2,24.5
Spiced Koftas With Lemon and Coriander Houmous,1,1,1,0,497.4,30.4,8.8,386.1,27.2,5.7,2,29.1
Noori Kofta - Boatman's Fish Ball,0,1,1,1,57.2,2.2,1,411.4,6.9,1.6,3.3,2.9
Mixed Vegetable Kofta Balls With Cashews,0,1,1,0,462.8,29.5,13.5,1049.6,45,6,9.4,8.9
Mini Kofta Pittas,0,1,1,0,349.8,15,6.2,363.1,36.7,2.3,2.8,16.2
Chicken Caesar Salad With Spicy Chaat Masala,0,1,1,1,77.2,1.2,0.3,109.2,14.6,1.9,2.4,2.6
Aaloo Chaat (tangy Potatoes),0,1,1,0,765.7,29,3.9,101,120.2,16.9,22,14.5
Chaat Masala,0,1,1,0,3,0.2,0,702.2,0.4,0.1,0,0.1
Aloo Channa Chaat (Tangy Potato Chickpea Snack),0,1,1,0,252,3.3,0.5,447.6,51.5,10.9,4.5,8.7
Fruit Chaat,1,1,1,0,166.4,1.5,0.3,2347.1,40,9.4,25.5,3.5
Chaat-Pata Aloo (Potato Dish),0,1,1,0,224.2,0.7,0.2,37.9,50.6,7,4.5,6.4
Corn Chaat,1,1,1,0,72.7,1.9,0.3,16.7,14,2.4,3.7,2.2
Chaat Masala,1,1,1,0,74.5,1.4,0.3,1758.4,17.9,7.3,0.4,3.2
Fruit Chaat,1,1,1,0,295.8,0.8,0.1,4,76,7.6,58.4,3.2
Papri Chaat,0,1,1,0,185.6,1.4,0.3,258.9,37.5,5.8,6,6.9
Potatoes With Chaat Masala,0,1,1,0,196.8,3.6,0.5,304.7,37.9,4.9,1.9,4.4
Chaat Papri,0,1,1,0,230.4,4.4,0.6,197.3,41.1,4.2,0.4,6.6
Corn Chaat,0,1,1,0,265,8.9,1.3,32.9,48.3,7.2,12.2,6.7
Chicken/Fish/ Prawn Chaat,0,1,1,1,151.1,8.1,1.1,1230,3.4,0.4,0.4,15.8
Channa Chaat,0,1,1,0,443.2,3,0.4,716.9,90.5,15.7,6.8,16.4
Sweet Corn Masala Chaat,0,1,1,0,65.4,2.6,0.4,30.5,12.4,2.6,1.6,2
Mixed Fruit Chaat (Indian),1,1,1,0,263.6,1.3,0.1,12.5,67,9.9,48.5,4.3
Chaat,1,1,1,0,327.7,13.6,3.6,290.5,43.7,5,7.4,9.6
Delhi Aloo Chaat,1,1,1,0,166.8,0.3,0.1,13.8,37.6,4.8,1.7,4.4
Papri Chaat (Indian Nachos),1,1,1,0,168.1,6,2.6,271.3,24.3,3.6,4.3,5.6
Thayir Vada (Yogurt Chaat Balls),1,1,1,0,66.6,3.2,1.8,49.1,6.9,0.6,5,3.7
Chaat Masala Spice Mix,1,1,1,0,103.8,4.5,0.6,4827.2,17,6,1.3,4.6
Chaat Masala Fruit Salad,1,1,1,0,538.5,27.8,3.9,4.3,75.7,10.3,41.6,5.8
"Dal Chilla from Chai, Chaat &amp; Chutney",1,1,1,0,77.2,0.2,0,196.8,13.9,5.5,1.1,5
"Sticky Bombay Chicken from CHAI, CHAAT &amp; CHUTNEY",1,1,1,1,113.2,4.7,0.9,597.8,3.7,0.3,2.5,13.6
"Mango Lassi from CHAI, CHAAT &amp; CHUTNEY",1,1,1,0,143.1,3.8,2.2,48.7,25.1,1.7,22.1,4.3
"Tomato Chutney from CHAI, CHAAT &amp; CHUTNEY",1,1,1,0,90.3,4.9,0.7,204.8,11.2,2.5,6.6,2.3
Sweet Kachori,1,1,1,0,2647,46.7,27.6,202.7,514.1,9.4,269.7,46.1
Khasta Kachoris,1,1,1,0,201.2,11,4.8,629.8,20.8,4.5,0.3,5.2
Nayar Ji Kachori,1,1,1,0,179.8,6.8,5.9,13.3,28.1,5,3.5,3.7
Kachori,1,1,1,0,537.8,5.1,0.8,494.5,104.4,7.7,0.7,16.5
Raj Kachori,1,1,1,0,199.1,7.4,1.8,496.3,28,1.8,3.5,5.6
PEAS KACHORI,0,1,1,0,208,6.4,3.8,369.9,32.1,3.9,3.1,5.9
Mini Stuff Kachori,0,1,1,0,22.1,0.1,0,0.4,3.8,1.9,0.1,1.6
Yogurt with Cucumber and Mint (Kheere Ka Raita),0,1,1,0,26.2,1,0.6,402.1,3.4,0.4,2.1,1.4
Choliye Ki Kheer,0,1,1,0,429.4,18.9,11.8,253.5,49.4,0.1,25.2,17
Sabudaana Ki Kheer (Tapioca Kheer),0,1,1,0,238.3,4.5,2.8,61,46.1,0.3,18.5,4.1
Jackfruit - jaggery kheer,0,1,1,0,440.1,42.7,34.7,47.9,14.4,7.9,3.5,5.4
Mango Kheer,0,1,1,0,545.9,12.3,6.3,159.2,105.6,4.9,87.2,10.5
Kheer,0,1,1,0,1387.8,46.4,23.3,491.4,210.2,3.7,126.3,39.7
Gavachi Kheer,1,1,1,0,700.7,23.3,13.2,84.3,118.5,8.2,64.3,11.4
The World's Best Vermicelli Kheer,1,1,1,0,652.3,27.5,17.1,57,94.5,1.3,59,9.2
Shaki Kheer Creamy Rice Pudding With a Coconut Twist,1,0,1,0,408.3,8.8,5.5,126.4,73.8,0.7,54,9.5
Kheer (Indian Rice Pudding),1,0,1,0,382.4,5.5,0.5,46.4,82.3,1.8,63,3.8
Kheer (Rice Pudding),1,0,1,0,293.1,10.4,5,112.3,41.3,0.8,33.1,9.7
"Low-Cal, Bottle Gourd Squash Pudding( Doodhi Kheer)",1,0,1,0,129.5,3.3,2.1,82.6,18.7,0.1,19.1,6.4
Charishma's Ghee and Khoya Free Carrot Kheer,1,0,1,0,312,5.4,3.1,151.2,62.9,1.7,55.3,5.4
Vermicelli Kheer,1,0,1,0,125.9,2,0.5,100,19.1,0.5,5.3,8
Jhangora Ki Kheer (Jhangora Pudding),1,0,1,0,600.5,18.3,8.2,189.9,90.8,6.4,25.8,19.5
Fragrant Rice Pudding With Pistachios (Kheerni),1,0,1,0,319.2,16.4,6.7,132.8,32.6,2.1,8.8,12.5
Banarsi Kheer,1,0,1,0,190.2,8.1,4,94,22.4,0.7,0.9,7.4
Creamy Pumpkin Kheer With Cashew Nuts,1,0,1,0,195,5,2.9,61.1,33.3,0.1,33,5
Rose Kheer,1,0,1,0,349.7,12.6,7.9,169,49.4,0,33.3,11.3
Badam Kheer (Almond Pudding),1,0,1,0,398.8,23.5,6.7,213.3,36.8,3.3,21.3,14.1
Cucumber and Tomato Yogurt (Kheera Ka Ray),1,0,1,0,33.9,1.4,0.9,21.4,3.9,0.5,2.9,1.9
Indian Rice Pudding - Kheer,1,0,1,0,539,31.4,17.8,101.4,56.1,1.1,26,10.4
